{
    "best_fitness": 6.306247868274978,
    "mean_fitness": 3.2331386558974913
}