{
    "best_fitness": 1.050343819340239,
    "mean_fitness": 0.7346359615843204
}