{
    "best_fitness": 1.016887040380338,
    "mean_fitness": 0.6566262586826392
}