{
    "best_fitness": 0.3840613646652464,
    "mean_fitness": 0.18286457543165616
}