{
    "best_fitness": 0.9184666564327069,
    "mean_fitness": 0.35958625688191515
}