{
    "best_fitness": 6.292655221669088,
    "mean_fitness": 3.2057584183050394
}