{
    "best_fitness": 0.8973330734591324,
    "mean_fitness": 0.5373011621031925
}