{
    "best_fitness": 0.5163311059429296,
    "mean_fitness": 0.35943442691777444
}