{
    "best_fitness": 0.91388177254523,
    "mean_fitness": 0.3540481706305946
}