{
    "best_fitness": 1.0507984115425522,
    "mean_fitness": 0.7325730036414949
}