{
    "best_fitness": 0.5126919886214032,
    "mean_fitness": 0.353784324125294
}