{
    "best_fitness": 1.1436589791798581,
    "mean_fitness": 0.4383005337644264
}