{
    "best_fitness": 0.5151608864429731,
    "mean_fitness": 0.3604591942844247
}