{
    "best_fitness": 0.37740267722537785,
    "mean_fitness": 0.277865179912548
}