{
    "best_fitness": 1.051841609026762,
    "mean_fitness": 0.7374884798620244
}