{
    "best_fitness": 0.3606737736314923,
    "mean_fitness": 0.21065043147100904
}