{
    "best_fitness": 0.23843744756098437,
    "mean_fitness": 0.00866418496950714
}