{
    "best_fitness": 0.02314797098824538,
    "mean_fitness": 0.0038487177455555407
}