{
    "best_fitness": 1.206390401411993,
    "mean_fitness": 0.5676267752721293
}