{
    "best_fitness": 0.6096627120388968,
    "mean_fitness": 0.20815272833190318
}