{
    "best_fitness": 1.0389642790480629,
    "mean_fitness": 0.4479641101852075
}