{
    "best_fitness": 6.304051201475336,
    "mean_fitness": 3.057128445736659
}