{
    "best_fitness": 0.5273614699585502,
    "mean_fitness": 0.17459957104925689
}