{
    "best_fitness": 1.2422951354052558,
    "mean_fitness": 0.5151662782501053
}