{
    "best_fitness": 0.4456299913779211,
    "mean_fitness": 0.30608622760802895
}