{
    "best_fitness": 0.49897079493204405,
    "mean_fitness": 0.36297600962896037
}