{
    "best_fitness": 0.9101543861361496,
    "mean_fitness": 0.3482395828671708
}