{
    "best_fitness": 1.0449946862208321,
    "mean_fitness": 0.7435226429697456
}