{
    "best_fitness": 0.9028240028175644,
    "mean_fitness": 0.4513797114085169
}