{
    "best_fitness": 0.44667399194392093,
    "mean_fitness": 0.30112708094050755
}