{
    "best_fitness": 0.4611945861692661,
    "mean_fitness": 0.31130143783499714
}