{
    "best_fitness": 0.08605591330243717,
    "mean_fitness": 0.004556324011915061
}