{
    "best_fitness": 1.1100972038781882,
    "mean_fitness": 0.5545988958855499
}