{
    "best_fitness": 1.162550745668869,
    "mean_fitness": 0.5413106140722107
}