{
    "best_fitness": 6.328561225224256,
    "mean_fitness": 3.2238460656858225
}