{
    "best_fitness": 0.49318889134856975,
    "mean_fitness": 0.35511973208471626
}