{
    "best_fitness": 0.7640180216953969,
    "mean_fitness": 0.31225838280660884
}