{
    "best_fitness": 0.8786017183878586,
    "mean_fitness": 0.3144841209851751
}