{
    "best_fitness": 0.32112097016475327,
    "mean_fitness": 0.14299592250842832
}