{
    "best_fitness": 0.9034115256267037,
    "mean_fitness": 0.3348535959493737
}