{
    "best_fitness": 0.5025645077752313,
    "mean_fitness": 0.340504206442125
}