{
    "best_fitness": 1.1625024194438622,
    "mean_fitness": 0.5764315944503541
}