{
    "best_fitness": 0.9368238675841022,
    "mean_fitness": 0.40920774135394855
}