{
    "best_fitness": 1.012696503503171,
    "mean_fitness": 0.6208535937845968
}