{
    "best_fitness": 0.6576139889155922,
    "mean_fitness": 0.21153025414912066
}