{
    "best_fitness": 18.59418015268446,
    "mean_fitness": 0.005227489610163131
}