{
    "best_fitness": 0.5222225962988422,
    "mean_fitness": 0.35141814700905366
}