{
    "best_fitness": 5.92016233307443,
    "mean_fitness": 2.001082819742829
}