{
    "best_fitness": 1.0479297166925248,
    "mean_fitness": 0.7606493307734503
}