{
    "best_fitness": 1.2876775653646526,
    "mean_fitness": 0.5691811772447274
}