{
    "best_fitness": 0.2710059776394498,
    "mean_fitness": 0.042141411460182916
}