{
    "best_fitness": 0.9980372709862655,
    "mean_fitness": 0.609886525529053
}