{
    "best_fitness": 1.0412131089503023,
    "mean_fitness": 0.4447781502814745
}