{
    "best_fitness": 1.0802600058651077,
    "mean_fitness": 0.5267644920893185
}