{
    "best_fitness": 0.37323659199709275,
    "mean_fitness": 0.2804806974634385
}