{
    "best_fitness": 5.489042852057518,
    "mean_fitness": 1.3654260393479654
}