{
    "best_fitness": 0.02021736443363886,
    "mean_fitness": 0.0035153273741204308
}