{
    "best_fitness": 6.151357566249149,
    "mean_fitness": 2.5931118519435064
}