{
    "best_fitness": 1.037806705692012,
    "mean_fitness": 0.6790920601497542
}