{
    "best_fitness": 1.3165250561822603,
    "mean_fitness": 0.5356986783549805
}