{
    "best_fitness": 0.3506608475938506,
    "mean_fitness": 0.20981669184812932
}