{
    "best_fitness": 1.1364536021381793,
    "mean_fitness": 0.5334142823497008
}