{
    "best_fitness": 0.3670384838196296,
    "mean_fitness": 0.22266974823022692
}