{
    "best_fitness": 6.277841310470762,
    "mean_fitness": 3.257045601825884
}