{
    "best_fitness": 1.7876540812254675,
    "mean_fitness": 0.6951698948517151
}