{
    "best_fitness": 1.1011550282069145,
    "mean_fitness": 0.5026012973455751
}