{
    "best_fitness": 0.9514534213347713,
    "mean_fitness": 0.3360268886506588
}