{
    "best_fitness": 6.137333581109207,
    "mean_fitness": 2.516142354568196
}