{
    "best_fitness": 0.9791194989903328,
    "mean_fitness": 0.6075444988129519
}