{
    "best_fitness": 4.9192920014031545,
    "mean_fitness": 1.090832947074533
}