{
    "best_fitness": 0.39527881376461804,
    "mean_fitness": 0.2896714509043343
}