{
    "best_fitness": 0.895557865025057,
    "mean_fitness": 0.25527066291533895
}