{
    "best_fitness": 0.8226491227338705,
    "mean_fitness": 0.2723086183071966
}