{
    "best_fitness": 1.8128440743510639,
    "mean_fitness": 0.787724459813353
}