{
    "best_fitness": 0.9219723655301699,
    "mean_fitness": 0.46277860277338584
}