{
    "best_fitness": 0.42087787730472237,
    "mean_fitness": 0.3059730724701347
}