{
    "best_fitness": 0.4638867464478372,
    "mean_fitness": 0.3039821454556374
}