{
    "best_fitness": 1.250100909253313,
    "mean_fitness": 0.5820276287233571
}