{
    "best_fitness": 5.580390322050727,
    "mean_fitness": 1.5246220111656803
}