{
    "best_fitness": 0.2518887224120975,
    "mean_fitness": 0.06772976278955957
}