{
    "best_fitness": 0.9092864455580957,
    "mean_fitness": 0.5239764279661147
}