{
    "best_fitness": 0.9425919914614046,
    "mean_fitness": 0.3984601052041866
}