{
    "best_fitness": 0.9360772263951972,
    "mean_fitness": 0.47441509306672025
}