{
    "best_fitness": 0.9004107587936111,
    "mean_fitness": 0.3826624061168202
}