{
    "best_fitness": 1.0403935883273714,
    "mean_fitness": 0.7152542652351421
}