{
    "best_fitness": 6.221790819235584,
    "mean_fitness": 2.961669446685659
}