{
    "best_fitness": 6.046099145967875,
    "mean_fitness": 2.6013123087222523
}