{
    "best_fitness": 1.0493182713268334,
    "mean_fitness": 0.7565925092607051
}