{
    "best_fitness": 1.080594705240563,
    "mean_fitness": 0.48574720518315817
}