{
    "best_fitness": 1.1142200792374115,
    "mean_fitness": 0.5229796602307885
}