{
    "best_fitness": 0.38903806442989175,
    "mean_fitness": 0.15962943088615955
}