{
    "best_fitness": 0.4221171061328163,
    "mean_fitness": 0.304751684806007
}