{
    "best_fitness": 0.43841893464931064,
    "mean_fitness": 0.3089159666778328
}