{
    "best_fitness": 0.29981073678686554,
    "mean_fitness": 0.09758092161569305
}