{
    "best_fitness": 0.3472805775895965,
    "mean_fitness": 0.2069085543229131
}