{
    "best_fitness": 0.7001499296824442,
    "mean_fitness": 0.3063553245079116
}