{
    "best_fitness": 0.40850111271116984,
    "mean_fitness": 0.2948859274627496
}