{
    "best_fitness": 6.094010493036537,
    "mean_fitness": 2.486789797079876
}