{
    "best_fitness": 0.7236627983489743,
    "mean_fitness": 0.31262841279692066
}