{
    "best_fitness": 1.0559705677603841,
    "mean_fitness": 0.76434983735417
}