{
    "best_fitness": 1.062848937061025,
    "mean_fitness": 0.7587501331891608
}