{
    "best_fitness": 4.505514885747846,
    "mean_fitness": 1.026522671297186
}