{
    "best_fitness": 1.0444111320362799,
    "mean_fitness": 0.7519927115978994
}