{
    "best_fitness": 0.9791698546141767,
    "mean_fitness": 0.6002038514825973
}