{
    "best_fitness": 1.1887835477286257,
    "mean_fitness": 0.5777914410416022
}