{
    "best_fitness": 0.3647803266721329,
    "mean_fitness": 0.2567937511667503
}