{
    "best_fitness": 0.8614603618501876,
    "mean_fitness": 0.3412380986353651
}