{
    "best_fitness": 0.73397971400041,
    "mean_fitness": 0.2384586626305159
}