{
    "best_fitness": 0.9772070093586791,
    "mean_fitness": 0.36269748264819096
}