{
    "best_fitness": 1.0716522237670512,
    "mean_fitness": 0.5026916997527443
}