{
    "best_fitness": 0.439756734009796,
    "mean_fitness": 0.3079857719416745
}