{
    "best_fitness": 0.40253248930206587,
    "mean_fitness": 0.2831757026502622
}