{
    "best_fitness": 0.47493448380107856,
    "mean_fitness": 0.326301162550699
}