{
    "best_fitness": 0.8808654461490558,
    "mean_fitness": 0.3311888944478065
}