{
    "best_fitness": 1.141637463527596,
    "mean_fitness": 0.46367971765276106
}