{
    "best_fitness": 0.3535130756524324,
    "mean_fitness": 0.25222731110593755
}