{
    "best_fitness": 1.0431818953285819,
    "mean_fitness": 0.732780992595888
}