{
    "best_fitness": 0.584454504371514,
    "mean_fitness": 0.1699571026233622
}