{
    "best_fitness": 0.7476102017179784,
    "mean_fitness": 0.28779288550776233
}