{
    "best_fitness": 1.029596636255843,
    "mean_fitness": 0.6642009821253969
}