{
    "best_fitness": 0.4295625642173037,
    "mean_fitness": 0.30378245596929726
}