{
    "best_fitness": 1.1222611220886896,
    "mean_fitness": 0.490434294880795
}