{
    "best_fitness": 0.024886079853411697,
    "mean_fitness": 0.003873098461978768
}