{
    "best_fitness": 1.120545535758514,
    "mean_fitness": 0.44466058761090266
}