{
    "best_fitness": 0.95586077842112,
    "mean_fitness": 0.37510995486314314
}