{
    "best_fitness": 1.1817796605379551,
    "mean_fitness": 0.47528674568381607
}