{
    "best_fitness": 1.2469692363558444,
    "mean_fitness": 0.52145720950634
}