{
    "best_fitness": 0.8637017856547528,
    "mean_fitness": 0.34201683906583
}