{
    "best_fitness": 0.6335196053696716,
    "mean_fitness": 0.3114714963959732
}