{
    "best_fitness": 0.5087237912117241,
    "mean_fitness": 0.36449067530768015
}