{
    "best_fitness": 1.33363933770471,
    "mean_fitness": 0.7210560807173343
}