{
    "best_fitness": 0.8701708424560783,
    "mean_fitness": 0.29140747052123434
}