{
    "best_fitness": 0.024830592699499002,
    "mean_fitness": 0.004279372812405564
}