{
    "best_fitness": 6.24767601735689,
    "mean_fitness": 3.099501659653606
}