{
    "best_fitness": 0.9109758067773362,
    "mean_fitness": 0.3902073444555161
}