{
    "best_fitness": 1.102745135621608,
    "mean_fitness": 0.5663412891152908
}