{
    "best_fitness": 0.9761862085035199,
    "mean_fitness": 0.36656257664983766
}