{
    "best_fitness": 0.42879321589375635,
    "mean_fitness": 0.2879846073173668
}