{
    "best_fitness": 1.103213197633731,
    "mean_fitness": 0.5295548450172769
}