{
    "best_fitness": 0.8618020667941575,
    "mean_fitness": 0.539285124602074
}