{
    "best_fitness": 0.8949314093498648,
    "mean_fitness": 0.5050166882822308
}