{
    "best_fitness": 0.9745524482572623,
    "mean_fitness": 0.5785855611652952
}