{
    "best_fitness": 0.9308438540424643,
    "mean_fitness": 0.5375713781280256
}