{
    "best_fitness": 0.4331781385613008,
    "mean_fitness": 0.3075006925772864
}