{
    "best_fitness": 0.9398088186715718,
    "mean_fitness": 0.3484504550814461
}