{
    "best_fitness": 1.213940093683005,
    "mean_fitness": 0.5158732090966298
}