{
    "best_fitness": 1.0447221738736854,
    "mean_fitness": 0.7284599124307896
}