{
    "best_fitness": 0.954209669094388,
    "mean_fitness": 0.3511616668398543
}