{
    "best_fitness": 0.2884842685502338,
    "mean_fitness": 0.10513617834871272
}