{
    "best_fitness": 6.324665921814681,
    "mean_fitness": 3.3250965725589072
}