{
    "best_fitness": 1.0167621054136107,
    "mean_fitness": 0.48693012078170045
}