{
    "best_fitness": 0.3665368704886754,
    "mean_fitness": 0.1843336941358868
}