{
    "best_fitness": 6.292085429942313,
    "mean_fitness": 3.089017100574484
}