{
    "best_fitness": 4.654722744077186,
    "mean_fitness": 1.118334377820906
}