{
    "best_fitness": 0.8422709769207375,
    "mean_fitness": 0.3207021576382015
}