{
    "best_fitness": 0.3648826962161614,
    "mean_fitness": 0.19783918293700867
}