{
    "best_fitness": 0.8769536925970003,
    "mean_fitness": 0.5367290513660928
}