{
    "best_fitness": 0.9040316068694989,
    "mean_fitness": 0.35612188181175214
}