{
    "best_fitness": 0.9310885743334657,
    "mean_fitness": 0.376112579703349
}