{
    "best_fitness": 1.0404408590858145,
    "mean_fitness": 0.7057312622687539
}