{
    "best_fitness": 0.047310064523060025,
    "mean_fitness": 0.004292331106209953
}