{
    "best_fitness": 1.0363307700785036,
    "mean_fitness": 0.6876700719094876
}