{
    "best_fitness": 0.431339637475819,
    "mean_fitness": 0.3059405017344198
}