{
    "best_fitness": 0.35537732267680955,
    "mean_fitness": 0.21921499457361082
}