{
    "best_fitness": 0.8868362275492854,
    "mean_fitness": 0.39091693805798333
}