{
    "best_fitness": 0.9450456853231674,
    "mean_fitness": 0.3702220149573382
}