{
    "best_fitness": 6.318679571057302,
    "mean_fitness": 3.142548962958118
}