{
    "best_fitness": 0.36958287873504575,
    "mean_fitness": 0.28562500359620546
}