{
    "best_fitness": 0.6876955938611998,
    "mean_fitness": 0.31655085321512794
}