{
    "best_fitness": 1.1822035601846497,
    "mean_fitness": 0.5424248403062942
}