{
    "best_fitness": 0.8723202735616693,
    "mean_fitness": 0.38607255590363854
}