{
    "best_fitness": 0.330162403925298,
    "mean_fitness": 0.05277041777313065
}