{
    "best_fitness": 0.4866924563796384,
    "mean_fitness": 0.34244031756356685
}