{
    "best_fitness": 1.0558125814127002,
    "mean_fitness": 0.7053074240275826
}