{
    "best_fitness": 0.493117699948055,
    "mean_fitness": 0.33783168837475824
}