{
    "best_fitness": 1.1685456018843312,
    "mean_fitness": 0.537110343508082
}