{
    "best_fitness": 6.302052645943027,
    "mean_fitness": 2.930691875432631
}