{
    "best_fitness": 1.1089292266254485,
    "mean_fitness": 0.401122828184144
}