{
    "best_fitness": 1.0466334457032849,
    "mean_fitness": 0.696464925930584
}