{
    "best_fitness": 0.6401646753323014,
    "mean_fitness": 0.31111822200449096
}