{
    "best_fitness": 1.0864838887751074,
    "mean_fitness": 0.46429279136950796
}