{
    "best_fitness": 1.0248693469286363,
    "mean_fitness": 0.6790858367822268
}