{
    "best_fitness": 0.42869576345623384,
    "mean_fitness": 0.3000033489590854
}