{
    "best_fitness": 0.8515550472537463,
    "mean_fitness": 0.3489569037505456
}