{
    "best_fitness": 0.5025035174096443,
    "mean_fitness": 0.36066759008724525
}