{
    "best_fitness": 0.4712050129452368,
    "mean_fitness": 0.009885944585451908
}