{
    "best_fitness": 1.1515589279974028,
    "mean_fitness": 0.5328306987677731
}