{
    "best_fitness": 0.44269806647628135,
    "mean_fitness": 0.30661916247745247
}