{
    "best_fitness": 0.5354856149485592,
    "mean_fitness": 0.36754997534920847
}