{
    "best_fitness": 0.35574117026372504,
    "mean_fitness": 0.22879218018694833
}