{
    "best_fitness": 1.0557705294056157,
    "mean_fitness": 0.750215144220811
}