{
    "best_fitness": 0.4750457237534765,
    "mean_fitness": 0.3429636491144462
}