{
    "best_fitness": 1.0525904499345045,
    "mean_fitness": 0.7585123291279561
}