{
    "best_fitness": 0.34861056894735776,
    "mean_fitness": 0.26262315721941504
}