{
    "best_fitness": 1.0326327012264156,
    "mean_fitness": 0.7029358747961006
}