{
    "best_fitness": 0.41060554929720267,
    "mean_fitness": 0.2947638536982941
}