{
    "best_fitness": 6.326796005993883,
    "mean_fitness": 3.2514453469126825
}