{
    "best_fitness": 1.1647179379462507,
    "mean_fitness": 0.533954377006116
}