{
    "best_fitness": 0.01989417413151942,
    "mean_fitness": 0.003533092218172163
}