{
    "best_fitness": 0.5380493080283815,
    "mean_fitness": 0.36488237504219884
}