{
    "best_fitness": 1.1691856764318584,
    "mean_fitness": 0.5834398784441676
}