{
    "best_fitness": 0.749063878808965,
    "mean_fitness": 0.21683728114061937
}