{
    "best_fitness": 0.3952123835198879,
    "mean_fitness": 0.2924926250155179
}