{
    "best_fitness": 1.0359969836798795,
    "mean_fitness": 0.7126202259474225
}