{
    "best_fitness": 0.39552159750544535,
    "mean_fitness": 0.28148944148888067
}