{
    "best_fitness": 0.9129822423647463,
    "mean_fitness": 0.5173271019036482
}