{
    "best_fitness": 0.36393478920805716,
    "mean_fitness": 0.2607373100518617
}