{
    "best_fitness": 0.3576539740922699,
    "mean_fitness": 0.15811051233223525
}