{
    "best_fitness": 1.1150655745407139,
    "mean_fitness": 0.5774481186565762
}