{
    "best_fitness": 1.009019692677488,
    "mean_fitness": 0.437917476014183
}