{
    "best_fitness": 1.1139159617068877,
    "mean_fitness": 0.4640033747194931
}