{
    "best_fitness": 0.3745036943265279,
    "mean_fitness": 0.2671561549273374
}