{
    "best_fitness": 0.30462174043467344,
    "mean_fitness": 0.0743054789881317
}