{
    "best_fitness": 0.01908927534846757,
    "mean_fitness": 0.0035597969568676425
}