{
    "best_fitness": 0.9024164285637013,
    "mean_fitness": 0.33999979445393735
}