{
    "best_fitness": 0.32625879370600286,
    "mean_fitness": 0.1300144209528921
}