{
    "best_fitness": 1.0532003361418403,
    "mean_fitness": 0.7614130534552566
}