{
    "best_fitness": 1.1069080845338,
    "mean_fitness": 0.7164295455010082
}