{
    "best_fitness": 0.7682326339938375,
    "mean_fitness": 0.329309319162692
}