{
    "best_fitness": 0.7119609138459547,
    "mean_fitness": 0.2419339728380653
}