{
    "best_fitness": 0.354580418915091,
    "mean_fitness": 0.22395745093075778
}