{
    "best_fitness": 0.9268065453438368,
    "mean_fitness": 0.38900315854222745
}