{
    "best_fitness": 1.0209551848478533,
    "mean_fitness": 0.6278881459495538
}