{
    "best_fitness": 0.753350284105146,
    "mean_fitness": 0.3148056335842192
}