{
    "best_fitness": 1.100232864335258,
    "mean_fitness": 0.46619021716213604
}