{
    "best_fitness": 1.8553047610284128,
    "mean_fitness": 0.792380068106404
}