{
    "best_fitness": 0.4850225859566001,
    "mean_fitness": 0.3262852953012765
}