{
    "best_fitness": 1.2475314760490879,
    "mean_fitness": 0.5670011033187609
}