{
    "best_fitness": 1.0203038162545537,
    "mean_fitness": 0.6540980330426681
}