{
    "best_fitness": 1.0339975217863502,
    "mean_fitness": 0.6857061288530149
}