{
    "best_fitness": 1.1027781044463034,
    "mean_fitness": 0.47763944740171443
}