{
    "best_fitness": 0.3344466887877153,
    "mean_fitness": 0.1418758816967489
}