{
    "best_fitness": 1.1248029030912747,
    "mean_fitness": 0.5845739660390016
}