{
    "best_fitness": 0.9430921267843871,
    "mean_fitness": 0.3853132198534231
}