{
    "best_fitness": 1.0680218369454055,
    "mean_fitness": 0.4394692274670634
}