{
    "best_fitness": 0.3902670221627963,
    "mean_fitness": 0.14852818755822386
}