{
    "best_fitness": 6.079880877689125,
    "mean_fitness": 2.561206893022838
}