{
    "best_fitness": 1.1169577811143727,
    "mean_fitness": 0.48205705598852594
}