{
    "best_fitness": 6.062073877298513,
    "mean_fitness": 2.6131547340494667
}