{
    "best_fitness": 0.020235331635655995,
    "mean_fitness": 0.003815934544483609
}