{
    "best_fitness": 0.9402116478217891,
    "mean_fitness": 0.36463445640881675
}