{
    "best_fitness": 0.7896384408104598,
    "mean_fitness": 0.25504847605213005
}