{
    "best_fitness": 0.8027787265076389,
    "mean_fitness": 0.31256326395137723
}