{
    "best_fitness": 0.9191298970018807,
    "mean_fitness": 0.43075871637835006
}