{
    "best_fitness": 0.7460672949824138,
    "mean_fitness": 0.2915068666989031
}