{
    "best_fitness": 6.148086907340452,
    "mean_fitness": 2.7697395292051428
}