{
    "best_fitness": 5.847458779689288,
    "mean_fitness": 1.9233443581803666
}