{
    "best_fitness": 0.39129053427519,
    "mean_fitness": 0.2770294280885461
}