{
    "best_fitness": 1.0555011689828935,
    "mean_fitness": 0.3564457841481163
}