{
    "best_fitness": 0.948153894942482,
    "mean_fitness": 0.40011317950624703
}