{
    "best_fitness": 0.3617280567578286,
    "mean_fitness": 0.12629029963100843
}