{
    "best_fitness": 2.5211833442760785,
    "mean_fitness": 0.9128001841603284
}