{
    "best_fitness": 1.0092838348894668,
    "mean_fitness": 0.4437298956559147
}