{
    "best_fitness": 0.021367275641516616,
    "mean_fitness": 0.002656552626067632
}