{
    "best_fitness": 1.1476801771123106,
    "mean_fitness": 0.5376435856412033
}