{
    "best_fitness": 1.1198493882175231,
    "mean_fitness": 0.5416142449031411
}