{
    "best_fitness": 0.5091496080372145,
    "mean_fitness": 0.3640369529949062
}