{
    "best_fitness": 0.8340761089151585,
    "mean_fitness": 0.23439779042863007
}