{
    "best_fitness": 6.3158854341608315,
    "mean_fitness": 3.2306347608209545
}