{
    "best_fitness": 1.0121572370279925,
    "mean_fitness": 0.36586171775283544
}