{
    "best_fitness": 4.808174445055499,
    "mean_fitness": 1.0769956191052066
}