{
    "best_fitness": 0.3746163691111191,
    "mean_fitness": 0.18766483686871488
}