{
    "best_fitness": 0.8936272776161628,
    "mean_fitness": 0.5216697387282497
}