{
    "best_fitness": 1.044867330527365,
    "mean_fitness": 0.738013864277673
}