{
    "best_fitness": 0.8378542704754083,
    "mean_fitness": 0.32637264439708524
}