{
    "best_fitness": 5.572147942009493,
    "mean_fitness": 1.4729319037349824
}