{
    "best_fitness": 6.275669859259259,
    "mean_fitness": 2.969878537997797
}