{
    "best_fitness": 0.42526008805510795,
    "mean_fitness": 0.3055185443081233
}