{
    "best_fitness": 0.9576314427742738,
    "mean_fitness": 0.3705338139681493
}