{
    "best_fitness": 1.0353612846337006,
    "mean_fitness": 0.39778687340298424
}