{
    "best_fitness": 6.303374544039978,
    "mean_fitness": 3.2160627457580833
}