{
    "best_fitness": 0.39589958756192856,
    "mean_fitness": 0.2682645705889341
}