{
    "best_fitness": 0.02188036434232307,
    "mean_fitness": 0.00387773648500061
}