{
    "best_fitness": 0.7267740429104028,
    "mean_fitness": 0.3386406915889622
}