{
    "best_fitness": 6.32102464836492,
    "mean_fitness": 3.175209500612461
}