{
    "best_fitness": 0.47488564419307333,
    "mean_fitness": 0.3096807818487678
}