{
    "best_fitness": 1.1514293544383405,
    "mean_fitness": 0.5018535963850905
}