{
    "best_fitness": 6.1679992729156305,
    "mean_fitness": 2.798815940139776
}