{
    "best_fitness": 0.9220259982750578,
    "mean_fitness": 0.5213076584803183
}