{
    "best_fitness": 1.029854321002381,
    "mean_fitness": 0.6883407364536928
}