{
    "best_fitness": 0.9344459756261517,
    "mean_fitness": 0.3959252050615167
}