{
    "best_fitness": 0.2896274185327154,
    "mean_fitness": 0.08477975899453466
}