{
    "best_fitness": 0.41737792351609293,
    "mean_fitness": 0.3036118726854169
}