{
    "best_fitness": 1.0431171352498514,
    "mean_fitness": 0.6752050619886769
}