{
    "best_fitness": 0.873685454069785,
    "mean_fitness": 0.3481925775207886
}