{
    "best_fitness": 0.3110062345914389,
    "mean_fitness": 0.10504987877258677
}