{
    "best_fitness": 0.9277798224282783,
    "mean_fitness": 0.40980277145122906
}