{
    "best_fitness": 0.9244086691550264,
    "mean_fitness": 0.5140316346249219
}