{
    "best_fitness": 0.5151985506293284,
    "mean_fitness": 0.35922249260710337
}