{
    "best_fitness": 0.43595991531377687,
    "mean_fitness": 0.3047104848088566
}