{
    "best_fitness": 0.29495725646162435,
    "mean_fitness": 0.08307249989503214
}