{
    "best_fitness": 0.8863726478548489,
    "mean_fitness": 0.3843732775113851
}