{
    "best_fitness": 2.7422051950389337,
    "mean_fitness": 1.0628698147494016
}