{
    "best_fitness": 0.5157575235065823,
    "mean_fitness": 0.35570736714366946
}