{
    "best_fitness": 0.4247606655180542,
    "mean_fitness": 0.3056374423035212
}