{
    "best_fitness": 6.303306568533176,
    "mean_fitness": 3.1644768333887905
}