{
    "best_fitness": 1.123779987729442,
    "mean_fitness": 0.5075707689545611
}