{
    "best_fitness": 6.28222133707741,
    "mean_fitness": 3.064748198212481
}