{
    "best_fitness": 1.061620269280946,
    "mean_fitness": 0.40381998244314266
}