{
    "best_fitness": 0.8906894735486024,
    "mean_fitness": 0.3695161343486783
}