{
    "best_fitness": 1.0352909386666176,
    "mean_fitness": 0.71052442408336
}