{
    "best_fitness": 0.5217441394088955,
    "mean_fitness": 0.13101156950680518
}