{
    "best_fitness": 0.3677662977802843,
    "mean_fitness": 0.19872085569309855
}