{
    "best_fitness": 1.030108697621015,
    "mean_fitness": 0.6701252575820039
}