{
    "best_fitness": 1.0996718977199673,
    "mean_fitness": 0.4847133708302641
}