{
    "best_fitness": 1.0340679202871927,
    "mean_fitness": 0.6970460634495478
}