{
    "best_fitness": 0.3592585828134814,
    "mean_fitness": 0.22053756143970082
}