{
    "best_fitness": 0.9996793581243253,
    "mean_fitness": 0.618213928610078
}