{
    "best_fitness": 1.0098240607461342,
    "mean_fitness": 0.6313234378313407
}