{
    "best_fitness": 1.0342034779006268,
    "mean_fitness": 0.7096793766768581
}