{
    "best_fitness": 0.945708947688243,
    "mean_fitness": 0.3843928225301851
}