{
    "best_fitness": 1.1530424733476423,
    "mean_fitness": 0.5462088095872744
}