{
    "best_fitness": 0.32009221898580364,
    "mean_fitness": 0.1126808581219841
}