{
    "best_fitness": 1.1501105130635574,
    "mean_fitness": 0.5372232828903005
}