{
    "best_fitness": 1.0189600943440555,
    "mean_fitness": 0.6732492865119265
}