{
    "best_fitness": 0.6232749291758833,
    "mean_fitness": 0.3273344300125693
}