{
    "best_fitness": 1.103094050220842,
    "mean_fitness": 0.45910514910606665
}