{
    "best_fitness": 0.934076993676523,
    "mean_fitness": 0.545565838859077
}