{
    "best_fitness": 0.9227134844467759,
    "mean_fitness": 0.3532352164351255
}