{
    "best_fitness": 1.1500513765851608,
    "mean_fitness": 0.5717605741757825
}