{
    "best_fitness": 1.048790178716417,
    "mean_fitness": 0.7001613889887627
}