{
    "best_fitness": 0.9810352836377417,
    "mean_fitness": 0.37671607160862575
}