{
    "best_fitness": 0.9760299968506968,
    "mean_fitness": 0.3973577664619429
}