{
    "best_fitness": 1.1573423149093813,
    "mean_fitness": 0.5042823444301957
}