{
    "best_fitness": 6.3395919286824185,
    "mean_fitness": 3.3050204829629224
}