{
    "best_fitness": 1.2387637302440697,
    "mean_fitness": 0.6924182903741644
}