{
    "best_fitness": 0.507209150639305,
    "mean_fitness": 0.35322896004583226
}