{
    "best_fitness": 0.522066482793839,
    "mean_fitness": 0.35955762875713915
}