{
    "best_fitness": 0.8304587189851614,
    "mean_fitness": 0.2701408589969008
}