{
    "best_fitness": 0.8504033200654385,
    "mean_fitness": 0.3498944076769889
}