{
    "best_fitness": 0.490771571156026,
    "mean_fitness": 0.3226561043627538
}