{
    "best_fitness": 0.5004232121103862,
    "mean_fitness": 0.34006940907114497
}