{
    "best_fitness": 2.6512507520356063,
    "mean_fitness": 1.0304517545708902
}