{
    "best_fitness": 0.9423866757234635,
    "mean_fitness": 0.402882450679763
}