{
    "best_fitness": 0.6990147902272963,
    "mean_fitness": 0.27335563252729955
}