{
    "best_fitness": 0.3531272761748478,
    "mean_fitness": 0.2559387334320408
}