{
    "best_fitness": 1.1218815566148697,
    "mean_fitness": 0.5171834166373572
}