{
    "best_fitness": 0.393405254144603,
    "mean_fitness": 0.28618893635267156
}