{
    "best_fitness": 1.1301350925387281,
    "mean_fitness": 0.5475389239021913
}