{
    "best_fitness": 0.2807368034247773,
    "mean_fitness": 0.007410197661421469
}