{
    "best_fitness": 0.7750315363903517,
    "mean_fitness": 0.2984717418241533
}