{
    "best_fitness": 1.1707370197995814,
    "mean_fitness": 0.5257012694219144
}