{
    "best_fitness": 1.069604819074928,
    "mean_fitness": 0.2990769992286539
}