{
    "best_fitness": 1.0541554196689171,
    "mean_fitness": 0.7595186941468066
}