{
    "best_fitness": 0.5222975974878024,
    "mean_fitness": 0.3662505250784958
}