{
    "best_fitness": 1.024841732485895,
    "mean_fitness": 0.6737126382751065
}