{
    "best_fitness": 0.8462645072494929,
    "mean_fitness": 0.24939669821549632
}