{
    "best_fitness": 0.359269166929711,
    "mean_fitness": 0.2639100794433306
}