{
    "best_fitness": 0.7002509779596501,
    "mean_fitness": 0.2601312697477486
}