{
    "best_fitness": 6.3164578741802275,
    "mean_fitness": 3.189488652056575
}