{
    "best_fitness": 1.0908921417764788,
    "mean_fitness": 0.481549157192383
}