{
    "best_fitness": 1.2392087824591753,
    "mean_fitness": 0.574877721401413
}