{
    "best_fitness": 0.430402573500994,
    "mean_fitness": 0.3048758204201145
}