{
    "best_fitness": 0.8765688357864809,
    "mean_fitness": 0.32598940948637967
}