{
    "best_fitness": 1.0122371948627964,
    "mean_fitness": 0.43852694079854904
}