{
    "best_fitness": 1.1220187179716716,
    "mean_fitness": 0.5442360076460402
}