{
    "best_fitness": 5.87011067046492,
    "mean_fitness": 1.579081808234586
}