{
    "best_fitness": 0.4304393826677729,
    "mean_fitness": 0.3005922274288211
}