{
    "best_fitness": 1.031762118853738,
    "mean_fitness": 0.6775699990332634
}