{
    "best_fitness": 0.8814549284419522,
    "mean_fitness": 0.5185680733455094
}