{
    "best_fitness": 6.091237597902522,
    "mean_fitness": 2.658744062986433
}