{
    "best_fitness": 0.5748920604055582,
    "mean_fitness": 0.09179382469630934
}