{
    "best_fitness": 1.2278444918555798,
    "mean_fitness": 0.599085287456641
}