{
    "best_fitness": 6.3053702037681605,
    "mean_fitness": 3.293199918632948
}