{
    "best_fitness": 0.30676571427551724,
    "mean_fitness": 0.13860008375064906
}