{
    "best_fitness": 1.7185850211087461,
    "mean_fitness": 0.9194645322468714
}