{
    "best_fitness": 1.0309769602787733,
    "mean_fitness": 0.6696474572924288
}