{
    "best_fitness": 0.46187106311348625,
    "mean_fitness": 0.047755699001604215
}