{
    "best_fitness": 0.9805053982332443,
    "mean_fitness": 0.35564726724559675
}