{
    "best_fitness": 1.1442956672901394,
    "mean_fitness": 0.5758805092323087
}