{
    "best_fitness": 0.4853599404980497,
    "mean_fitness": 0.3307904366985328
}