{
    "best_fitness": 0.48700507885368327,
    "mean_fitness": 0.33111843331327273
}