{
    "best_fitness": 0.39173673907272066,
    "mean_fitness": 0.17989537163806932
}