{
    "best_fitness": 0.9181242041058684,
    "mean_fitness": 0.5207619873204253
}