{
    "best_fitness": 0.9333392501626452,
    "mean_fitness": 0.37922076451428305
}