{
    "best_fitness": 0.44711140654307635,
    "mean_fitness": 0.3031004953414235
}