{
    "best_fitness": 0.29181484875288904,
    "mean_fitness": 0.07764022978163419
}