{
    "best_fitness": 0.7007088699494294,
    "mean_fitness": 0.24375272278959256
}