{
    "best_fitness": 0.9431583115043737,
    "mean_fitness": 0.37493089870019497
}