{
    "best_fitness": 1.1008984729916047,
    "mean_fitness": 0.5737929054588291
}