{
    "best_fitness": 0.8489545099416896,
    "mean_fitness": 0.34491485706935554
}