{
    "best_fitness": 1.083797812943069,
    "mean_fitness": 0.505488003249516
}