{
    "best_fitness": 0.42022546565993263,
    "mean_fitness": 0.2839987369873817
}