{
    "best_fitness": 0.020261681307991317,
    "mean_fitness": 0.0037241890541659527
}