{
    "best_fitness": 0.37796918756885434,
    "mean_fitness": 0.13830261241548386
}