{
    "best_fitness": 0.3638594182858697,
    "mean_fitness": 0.20266330492469672
}