{
    "best_fitness": 1.061607953684679,
    "mean_fitness": 0.48032290816816126
}