{
    "best_fitness": 0.4901115672886599,
    "mean_fitness": 0.3258581360035475
}