{
    "best_fitness": 0.7866288116001791,
    "mean_fitness": 0.33661069790667086
}