{
    "best_fitness": 0.9493645260388941,
    "mean_fitness": 0.3588498607568346
}