{
    "best_fitness": 2.4278555467138383,
    "mean_fitness": 0.9702522564255923
}