{
    "best_fitness": 1.0296700849407716,
    "mean_fitness": 0.6600102436008831
}