{
    "best_fitness": 0.9833911918390695,
    "mean_fitness": 0.6254689913401842
}