{
    "best_fitness": 1.0525267821284052,
    "mean_fitness": 0.7567014323888419
}