{
    "best_fitness": 1.0430448785975408,
    "mean_fitness": 0.7534647105545953
}