{
    "best_fitness": 0.9870415406477973,
    "mean_fitness": 0.4164679523814585
}