{
    "best_fitness": 1.0467374354520134,
    "mean_fitness": 0.7656195244929352
}