{
    "best_fitness": 1.0391800101440822,
    "mean_fitness": 0.46051684728970077
}