{
    "best_fitness": 0.6763342674491586,
    "mean_fitness": 0.3094481591332963
}