{
    "best_fitness": 1.130552617260199,
    "mean_fitness": 0.4964325477099397
}