{
    "best_fitness": 0.39607992126448516,
    "mean_fitness": 0.27527134018822536
}