{
    "best_fitness": 0.9423202940518075,
    "mean_fitness": 0.4854591268647357
}