{
    "best_fitness": 0.9761837769918805,
    "mean_fitness": 0.47568831450374877
}