{
    "best_fitness": 1.0512114043520582,
    "mean_fitness": 0.7598429490549264
}