{
    "best_fitness": 0.3915497390653326,
    "mean_fitness": 0.1325986593450835
}