{
    "best_fitness": 0.29719123628273153,
    "mean_fitness": 0.053251766104735226
}