{
    "best_fitness": 0.4829278649633131,
    "mean_fitness": 0.3335464893854224
}