{
    "best_fitness": 6.298256270953095,
    "mean_fitness": 3.184950842178533
}