{
    "best_fitness": 0.28792746998508223,
    "mean_fitness": 0.10366611980767504
}