{
    "best_fitness": 0.7514602312681422,
    "mean_fitness": 0.2610400359003244
}