{
    "best_fitness": 0.8384047427234839,
    "mean_fitness": 0.28134158450823143
}