{
    "best_fitness": 1.7612357282800162,
    "mean_fitness": 0.7476048960245103
}