{
    "best_fitness": 1.0293354367699503,
    "mean_fitness": 0.6825506023098398
}