{
    "best_fitness": 1.1102198046431913,
    "mean_fitness": 0.44416272805172763
}