{
    "best_fitness": 1.1385934160385125,
    "mean_fitness": 0.42884671369401983
}