{
    "best_fitness": 0.9977076564010022,
    "mean_fitness": 0.5699986790339779
}