{
    "best_fitness": 0.4502421442930549,
    "mean_fitness": 0.30668301434425493
}