{
    "best_fitness": 0.8403856374018989,
    "mean_fitness": 0.2778054804510971
}