{
    "best_fitness": 1.0375691813427248,
    "mean_fitness": 0.7080556497698222
}