{
    "best_fitness": 0.9032633815444864,
    "mean_fitness": 0.34030501328489127
}