{
    "best_fitness": 1.0308609442263823,
    "mean_fitness": 0.6724225769325789
}