{
    "best_fitness": 1.2048180820444618,
    "mean_fitness": 0.5531249564386893
}