{
    "best_fitness": 1.0734624299603552,
    "mean_fitness": 0.49028573132788406
}