{
    "best_fitness": 1.1317401548061072,
    "mean_fitness": 0.4475498139448955
}