{
    "best_fitness": 5.271404105044298,
    "mean_fitness": 1.1050150539628658
}