{
    "best_fitness": 6.308225832916872,
    "mean_fitness": 3.26783246820964
}