{
    "best_fitness": 1.0554372438399495,
    "mean_fitness": 0.7398795854435016
}