{
    "best_fitness": 0.9772755905471597,
    "mean_fitness": 0.5606262450983374
}