{
    "best_fitness": 0.7283470236172539,
    "mean_fitness": 0.29670095144508213
}