{
    "best_fitness": 0.9841709232248439,
    "mean_fitness": 0.4027733218513995
}