{
    "best_fitness": 0.3407927268419406,
    "mean_fitness": 0.1861801471066073
}