{
    "best_fitness": 0.8130533839418443,
    "mean_fitness": 0.28712431375976866
}