{
    "best_fitness": 6.311693019424038,
    "mean_fitness": 3.2447089545528223
}