{
    "best_fitness": 6.2992847737037305,
    "mean_fitness": 3.2306470664171076
}