{
    "best_fitness": 0.29170366792170055,
    "mean_fitness": 0.0917498332019685
}