{
    "best_fitness": 1.0553541185111754,
    "mean_fitness": 0.5239404795840332
}