{
    "best_fitness": 0.0539352470129132,
    "mean_fitness": 0.004561270491266908
}