{
    "best_fitness": 0.9560011288839563,
    "mean_fitness": 0.4706177337444476
}