{
    "best_fitness": 0.974032523968267,
    "mean_fitness": 0.38263375481018963
}