{
    "best_fitness": 0.606134998317253,
    "mean_fitness": 0.15764038631786784
}