{
    "best_fitness": 0.518084763034398,
    "mean_fitness": 0.3643484732339942
}