{
    "best_fitness": 2.3707239337915165,
    "mean_fitness": 0.9323818687461388
}