{
    "best_fitness": 1.0436138739271323,
    "mean_fitness": 0.6613121875468785
}