{
    "best_fitness": 6.313688855001266,
    "mean_fitness": 3.2763676269308135
}