{
    "best_fitness": 0.8897594980518206,
    "mean_fitness": 0.5301535616755461
}