{
    "best_fitness": 6.312462117590362,
    "mean_fitness": 3.318922261904503
}