{
    "best_fitness": 1.1172445320417095,
    "mean_fitness": 0.48343522346352336
}