{
    "best_fitness": 6.2558325390376845,
    "mean_fitness": 2.96256364919272
}