{
    "best_fitness": 1.1609266792083253,
    "mean_fitness": 0.5540018175444066
}