{
    "best_fitness": 0.9779492805176636,
    "mean_fitness": 0.4034225991588485
}