{
    "best_fitness": 1.0022405747967496,
    "mean_fitness": 0.3714042823929991
}