{
    "best_fitness": 0.5001429914661565,
    "mean_fitness": 0.34910312061961035
}