{
    "best_fitness": 1.0571430396071868,
    "mean_fitness": 0.7664890840934752
}