{
    "best_fitness": 0.5069369140826893,
    "mean_fitness": 0.36328804806595466
}