{
    "best_fitness": 2.737164547620448,
    "mean_fitness": 1.0659860559171805
}