{
    "best_fitness": 0.2855353329340309,
    "mean_fitness": 0.0863880951737021
}