{
    "best_fitness": 0.9274156801724629,
    "mean_fitness": 0.4465907284673197
}