{
    "best_fitness": 0.9551567095547822,
    "mean_fitness": 0.33996746930818145
}