{
    "best_fitness": 1.1936217698405551,
    "mean_fitness": 0.5491366894700145
}