{
    "best_fitness": 0.3804120726803711,
    "mean_fitness": 0.2788982646286164
}