{
    "best_fitness": 0.9997227088256092,
    "mean_fitness": 0.6189466226621062
}