{
    "best_fitness": 0.9026928130027894,
    "mean_fitness": 0.5062522788723405
}