{
    "best_fitness": 1.034939494924647,
    "mean_fitness": 0.67444031836618
}