{
    "best_fitness": 0.7910271104073358,
    "mean_fitness": 0.27793430584845996
}