{
    "best_fitness": 0.8714833154636871,
    "mean_fitness": 0.4947110259665881
}