{
    "best_fitness": 0.39742731485326954,
    "mean_fitness": 0.06725686533102472
}