{
    "best_fitness": 0.9488717368650084,
    "mean_fitness": 0.34239332362600455
}