{
    "best_fitness": 1.0156637074501262,
    "mean_fitness": 0.6253042666439005
}