{
    "best_fitness": 0.9646720428643798,
    "mean_fitness": 0.5945442762225722
}