{
    "best_fitness": 0.5221683458497952,
    "mean_fitness": 0.34959548268030394
}