{
    "best_fitness": 0.4863515656434431,
    "mean_fitness": 0.3438925574266182
}