{
    "best_fitness": 1.0588130823965436,
    "mean_fitness": 0.7207273516428354
}