{
    "best_fitness": 6.260099524420705,
    "mean_fitness": 3.064757318032337
}