{
    "best_fitness": 0.5201210411531013,
    "mean_fitness": 0.3581656382008887
}