{
    "best_fitness": 0.5002605623630582,
    "mean_fitness": 0.35999078961345743
}