{
    "best_fitness": 0.36363921616795425,
    "mean_fitness": 0.2677464536931807
}