{
    "best_fitness": 0.8554962383671018,
    "mean_fitness": 0.35170895249247475
}