{
    "best_fitness": 1.3237523263109277,
    "mean_fitness": 0.6616951797303121
}