{
    "best_fitness": 1.0323006052991865,
    "mean_fitness": 0.7065761353674774
}