{
    "best_fitness": 6.248191927163515,
    "mean_fitness": 2.962217888462327
}