{
    "best_fitness": 6.25231698377319,
    "mean_fitness": 3.055863398866045
}