{
    "best_fitness": 0.42488254340789955,
    "mean_fitness": 0.30417606631482896
}