{
    "best_fitness": 0.9272583821429351,
    "mean_fitness": 0.31885645765296383
}