{
    "best_fitness": 0.2749407087474541,
    "mean_fitness": 0.06182168220253247
}