{
    "best_fitness": 0.7967692093893444,
    "mean_fitness": 0.21038601247087751
}