{
    "best_fitness": 1.0403734385961119,
    "mean_fitness": 0.40078311278213413
}