{
    "best_fitness": 0.430110047898211,
    "mean_fitness": 0.30588277986910606
}