{
    "best_fitness": 0.4464639784759425,
    "mean_fitness": 0.31206262128943446
}