{
    "best_fitness": 0.8937107418753143,
    "mean_fitness": 0.37595296373025083
}