{
    "best_fitness": 6.254405528763582,
    "mean_fitness": 2.830875032450316
}