{
    "best_fitness": 1.0357246101124482,
    "mean_fitness": 0.6675956599728448
}