{
    "best_fitness": 0.9713807221300075,
    "mean_fitness": 0.40386122812314207
}