{
    "best_fitness": 0.46811579196436076,
    "mean_fitness": 0.3051829689582247
}