{
    "best_fitness": 0.4483254627529677,
    "mean_fitness": 0.3062360223442607
}