{
    "best_fitness": 0.9343901594731935,
    "mean_fitness": 0.5290987376566132
}