{
    "best_fitness": 1.0215353703996712,
    "mean_fitness": 0.6625460602136612
}