{
    "best_fitness": 0.9419353610555606,
    "mean_fitness": 0.4002690523903825
}