{
    "best_fitness": 1.0251981712252602,
    "mean_fitness": 0.6652615221609277
}