{
    "best_fitness": 0.4929932689216281,
    "mean_fitness": 0.3357447588216841
}