{
    "best_fitness": 0.5724618901534382,
    "mean_fitness": 0.09005470170741062
}