{
    "best_fitness": 0.24747124366114895,
    "mean_fitness": 0.037411943018463324
}