{
    "best_fitness": 0.9532228274186725,
    "mean_fitness": 0.3639504584404582
}