{
    "best_fitness": 1.1986039776087523,
    "mean_fitness": 0.594445554373996
}