{
    "best_fitness": 1.033985515277664,
    "mean_fitness": 0.6586958161933997
}