{
    "best_fitness": 0.0181619201225657,
    "mean_fitness": 0.0026870350804573525
}