{
    "best_fitness": 0.8949138839236729,
    "mean_fitness": 0.30671539256756375
}