{
    "best_fitness": 0.5390522058234496,
    "mean_fitness": 0.35796920823129896
}