{
    "best_fitness": 0.5082578359665193,
    "mean_fitness": 0.35346657859351877
}