{
    "best_fitness": 1.0057578144321935,
    "mean_fitness": 0.6257966266180984
}