{
    "best_fitness": 0.9960894983480915,
    "mean_fitness": 0.3405641044147595
}