{
    "best_fitness": 1.2606427424288813,
    "mean_fitness": 0.5822609410798684
}