{
    "best_fitness": 1.0922155382326297,
    "mean_fitness": 0.5350579974252332
}