{
    "best_fitness": 5.379546005379121,
    "mean_fitness": 1.198654677845138
}