{
    "best_fitness": 1.1835187608565731,
    "mean_fitness": 0.5692790080848956
}