{
    "best_fitness": 0.8489336946570624,
    "mean_fitness": 0.2944114296905781
}