{
    "best_fitness": 0.35093622473097696,
    "mean_fitness": 0.19001597183184848
}