{
    "best_fitness": 1.239191972493839,
    "mean_fitness": 0.5284279687169171
}