{
    "best_fitness": 1.2397387111402156,
    "mean_fitness": 0.5292709852517457
}