{
    "best_fitness": 0.9879372956072956,
    "mean_fitness": 0.626836085280507
}