{
    "best_fitness": 1.1459015444179919,
    "mean_fitness": 0.5512763742810032
}