{
    "best_fitness": 1.1620300759278925,
    "mean_fitness": 0.5584648155027616
}