{
    "best_fitness": 0.506954147406571,
    "mean_fitness": 0.37043895892449585
}