{
    "best_fitness": 6.346061435976058,
    "mean_fitness": 3.330544198219549
}