{
    "best_fitness": 0.8586062953624035,
    "mean_fitness": 0.5438283052621776
}