{
    "best_fitness": 0.9235914671444554,
    "mean_fitness": 0.3704441015456175
}