{
    "best_fitness": 1.0262270949828047,
    "mean_fitness": 0.672534581176837
}