{
    "best_fitness": 1.0770837018729322,
    "mean_fitness": 0.5252106156106182
}