{
    "best_fitness": 0.479501785913053,
    "mean_fitness": 0.3110838348317107
}