{
    "best_fitness": 1.0208199225360206,
    "mean_fitness": 0.640070634797205
}