{
    "best_fitness": 1.1937209293340894,
    "mean_fitness": 0.5654059387271398
}