{
    "best_fitness": 6.015025486039861,
    "mean_fitness": 2.5076371781033187
}