{
    "best_fitness": 0.5233041427321318,
    "mean_fitness": 0.3557602767032256
}