{
    "best_fitness": 0.01794540786858443,
    "mean_fitness": 0.003487602585483839
}