{
    "best_fitness": 1.015058607589173,
    "mean_fitness": 0.6442513524046567
}