{
    "best_fitness": 0.4805449663229386,
    "mean_fitness": 0.3284227304323861
}