{
    "best_fitness": 1.0277569325250495,
    "mean_fitness": 0.6726521813999689
}