{
    "best_fitness": 1.2752794500734053,
    "mean_fitness": 0.5640419612085467
}