{
    "best_fitness": 0.93419194139447,
    "mean_fitness": 0.5285603386463111
}