{
    "best_fitness": 1.0256563716026748,
    "mean_fitness": 0.6832659756246707
}