{
    "best_fitness": 0.9692715463571591,
    "mean_fitness": 0.41489183835055554
}