{
    "best_fitness": 1.040832283989763,
    "mean_fitness": 0.7345866813989463
}