{
    "best_fitness": 0.9445301885311449,
    "mean_fitness": 0.4013457028878604
}