{
    "best_fitness": 6.220602649645187,
    "mean_fitness": 2.7518886741030246
}