{
    "best_fitness": 0.45768126845530954,
    "mean_fitness": 0.30557893759986904
}