{
    "best_fitness": 0.902519128329662,
    "mean_fitness": 0.39729642902160767
}