{
    "best_fitness": 0.701984992212475,
    "mean_fitness": 0.2436870317892348
}