{
    "best_fitness": 6.2786322048076215,
    "mean_fitness": 3.1958077151493245
}