{
    "best_fitness": 1.4114849147837392,
    "mean_fitness": 0.8700157615983863
}