{
    "best_fitness": 0.4791083909874454,
    "mean_fitness": 0.33395673324968816
}