{
    "best_fitness": 0.7094144374427933,
    "mean_fitness": 0.3319846566989922
}