{
    "best_fitness": 0.4009282652628163,
    "mean_fitness": 0.29302563286458544
}