{
    "best_fitness": 0.46481596183552315,
    "mean_fitness": 0.3089070667060705
}