{
    "best_fitness": 1.2491913232784146,
    "mean_fitness": 0.5587242039535933
}