{
    "best_fitness": 0.36619823350695974,
    "mean_fitness": 0.267504066810053
}