{
    "best_fitness": 1.165303052112146,
    "mean_fitness": 0.5470197108622816
}