{
    "best_fitness": 0.909273512415759,
    "mean_fitness": 0.3877966297375415
}