{
    "best_fitness": 1.0439689669056047,
    "mean_fitness": 0.7344483479094527
}