{
    "best_fitness": 0.488031130303639,
    "mean_fitness": 0.32947280816685026
}