{
    "best_fitness": 1.0452449566179915,
    "mean_fitness": 0.7526274811002759
}