{
    "best_fitness": 0.02285065256159362,
    "mean_fitness": 0.002781529205307974
}