{
    "best_fitness": 0.766731996799711,
    "mean_fitness": 0.19516822522691582
}