{
    "best_fitness": 6.30269139619452,
    "mean_fitness": 3.28430477552235
}