{
    "best_fitness": 0.3095693392454646,
    "mean_fitness": 0.0964379681113359
}