{
    "best_fitness": 0.9252514712506894,
    "mean_fitness": 0.5078095752953043
}