{
    "best_fitness": 1.4114849147837392,
    "mean_fitness": 0.8249409312835352
}