{
    "best_fitness": 1.0586565338297595,
    "mean_fitness": 0.7598348270283574
}