{
    "best_fitness": 5.107527758630804,
    "mean_fitness": 1.1310840770169943
}