{
    "best_fitness": 0.949526370722783,
    "mean_fitness": 0.5238383875462644
}