{
    "best_fitness": 0.9803185037969955,
    "mean_fitness": 0.366766161509614
}