{
    "best_fitness": 1.0611448128319665,
    "mean_fitness": 0.5086648778895532
}