{
    "best_fitness": 0.47325611340360146,
    "mean_fitness": 0.31985117121593953
}