{
    "best_fitness": 0.9427087060098565,
    "mean_fitness": 0.5358980502063039
}