{
    "best_fitness": 0.41912279769555927,
    "mean_fitness": 0.3000055739690854
}