{
    "best_fitness": 0.024583367940668597,
    "mean_fitness": 0.004016246135019364
}