{
    "best_fitness": 1.2573263263126921,
    "mean_fitness": 0.5055449207847568
}