{
    "best_fitness": 0.4200568687992636,
    "mean_fitness": 0.30920668346865865
}