{
    "best_fitness": 0.4745962859996908,
    "mean_fitness": 0.340484089370423
}