{
    "best_fitness": 6.220279586620731,
    "mean_fitness": 3.047404115002195
}