{
    "best_fitness": 0.9862226505324162,
    "mean_fitness": 0.3945616081256853
}