{
    "best_fitness": 5.982965334544809,
    "mean_fitness": 2.093740740226988
}