{
    "best_fitness": 4.956386682859373,
    "mean_fitness": 1.0860875221688076
}