{
    "best_fitness": 1.0808813133357054,
    "mean_fitness": 0.5271229107485972
}