{
    "best_fitness": 0.9542586857281392,
    "mean_fitness": 0.5267672812564436
}