{
    "best_fitness": 0.39669649666858586,
    "mean_fitness": 0.2766313422160731
}