{
    "best_fitness": 1.0832063168622201,
    "mean_fitness": 0.5042375412071934
}