{
    "best_fitness": 0.5089507553096843,
    "mean_fitness": 0.36519052509499117
}