{
    "best_fitness": 0.9557214412860277,
    "mean_fitness": 0.33611310851025505
}