{
    "best_fitness": 1.0945970447231885,
    "mean_fitness": 0.5044567034250865
}