{
    "best_fitness": 0.9744216732446521,
    "mean_fitness": 0.382230391474469
}