{
    "best_fitness": 0.4247545255365894,
    "mean_fitness": 0.3063540844476761
}