{
    "best_fitness": 0.6619907785615338,
    "mean_fitness": 0.30902989411054793
}