{
    "best_fitness": 0.9949125265909974,
    "mean_fitness": 0.5603275604719986
}