{
    "best_fitness": 0.5170197606338053,
    "mean_fitness": 0.3620367204870654
}