{
    "best_fitness": 0.8210674008831572,
    "mean_fitness": 0.3049317741676592
}