{
    "best_fitness": 0.1522520319179541,
    "mean_fitness": 0.005605670274517332
}