{
    "best_fitness": 0.7704852494608968,
    "mean_fitness": 0.3275406493877882
}