{
    "best_fitness": 0.7929421553064067,
    "mean_fitness": 0.28954646627940395
}