{
    "best_fitness": 0.9637853088967004,
    "mean_fitness": 0.5793448944548715
}