{
    "best_fitness": 0.9778589471232276,
    "mean_fitness": 0.3998654703535226
}