{
    "best_fitness": 1.1730385522816265,
    "mean_fitness": 0.543652934784616
}