{
    "best_fitness": 0.4373110388333179,
    "mean_fitness": 0.30896642873810676
}