{
    "best_fitness": 0.8101209771548074,
    "mean_fitness": 0.27883229700189743
}