{
    "best_fitness": 0.6175915103994327,
    "mean_fitness": 0.22699497591180984
}