{
    "best_fitness": 0.5091853267922387,
    "mean_fitness": 0.34786230133286283
}