{
    "best_fitness": 0.9416573183387194,
    "mean_fitness": 0.36669564302078317
}