{
    "best_fitness": 0.9903178770119785,
    "mean_fitness": 0.3497849695029564
}