{
    "best_fitness": 0.3412844754634086,
    "mean_fitness": 0.16002545523308226
}