{
    "best_fitness": 0.8971349768023467,
    "mean_fitness": 0.39853186066608426
}