{
    "best_fitness": 0.6623129127862033,
    "mean_fitness": 0.13950135602183028
}