{
    "best_fitness": 5.906765312541647,
    "mean_fitness": 1.9808636768244285
}