{
    "best_fitness": 0.8453775859370781,
    "mean_fitness": 0.2929205040413956
}