{
    "best_fitness": 0.41560673550456634,
    "mean_fitness": 0.29829343296050637
}