{
    "best_fitness": 0.41830523953519366,
    "mean_fitness": 0.3005853432689193
}