{
    "best_fitness": 0.9087620239322041,
    "mean_fitness": 0.3553660054320827
}