{
    "best_fitness": 1.0481708655762314,
    "mean_fitness": 0.6913740541576444
}