{
    "best_fitness": 1.2318380668330289,
    "mean_fitness": 0.5746998759508415
}