{
    "best_fitness": 0.36010852578866076,
    "mean_fitness": 0.23076782676022828
}