{
    "best_fitness": 0.4424462084905418,
    "mean_fitness": 0.3064988347022686
}