{
    "best_fitness": 1.0499928188913903,
    "mean_fitness": 0.7515878293169379
}