{
    "best_fitness": 1.0217428992203652,
    "mean_fitness": 0.4657708335112296
}