{
    "best_fitness": 1.0547397874762003,
    "mean_fitness": 0.7601429266350662
}