{
    "best_fitness": 0.42132259488836393,
    "mean_fitness": 0.30656506478992673
}