{
    "best_fitness": 1.0414556155362504,
    "mean_fitness": 0.7186002957992134
}