{
    "best_fitness": 0.40863094253680504,
    "mean_fitness": 0.2747317311500354
}