{
    "best_fitness": 1.2241502511552662,
    "mean_fitness": 0.4832744751245485
}