{
    "best_fitness": 5.8446954643618145,
    "mean_fitness": 1.6884014643930285
}