{
    "best_fitness": 1.1848049808081136,
    "mean_fitness": 0.5780103277133741
}