{
    "best_fitness": 0.9752456057772514,
    "mean_fitness": 0.31802751779883537
}