{
    "best_fitness": 0.9506974771205571,
    "mean_fitness": 0.3541519244311931
}