{
    "best_fitness": 0.9751927858300827,
    "mean_fitness": 0.3594086989135196
}