{
    "best_fitness": 0.45101629358973544,
    "mean_fitness": 0.31168603647215404
}