{
    "best_fitness": 0.3535003626876366,
    "mean_fitness": 0.16188851086417083
}