{
    "best_fitness": 0.5234456516539139,
    "mean_fitness": 0.35764113855928964
}