{
    "best_fitness": 0.9300732937160995,
    "mean_fitness": 0.39285766468394756
}