{
    "best_fitness": 0.43851912492392736,
    "mean_fitness": 0.3024889746504934
}