{
    "best_fitness": 0.5088408708903005,
    "mean_fitness": 0.3521007107723068
}