{
    "best_fitness": 0.4934531106170962,
    "mean_fitness": 0.31799926364757186
}