{
    "best_fitness": 0.732699006791697,
    "mean_fitness": 0.2182033166699671
}