{
    "best_fitness": 6.152471153662455,
    "mean_fitness": 2.7020337666796754
}