{
    "best_fitness": 0.8198107841041048,
    "mean_fitness": 0.3113972973850752
}