{
    "best_fitness": 6.257446968394602,
    "mean_fitness": 3.140904391430648
}