{
    "best_fitness": 0.4329356455481222,
    "mean_fitness": 0.30493022643017537
}