{
    "best_fitness": 1.094201586505843,
    "mean_fitness": 0.47855503901960394
}