{
    "best_fitness": 1.2003528031943231,
    "mean_fitness": 0.5155277379751371
}