{
    "best_fitness": 1.8156283300966567,
    "mean_fitness": 0.7711667887313881
}