{
    "best_fitness": 0.3989289734820075,
    "mean_fitness": 0.2832225578817113
}