{
    "best_fitness": 0.4282638931208031,
    "mean_fitness": 0.30242834514907885
}