{
    "best_fitness": 1.2370860401754686,
    "mean_fitness": 0.545408084553584
}