{
    "best_fitness": 0.4305271584660672,
    "mean_fitness": 0.2956972251989963
}