{
    "best_fitness": 1.168303522240333,
    "mean_fitness": 0.49343140995519436
}