{
    "best_fitness": 0.5258551952796641,
    "mean_fitness": 0.3471978324611288
}