{
    "best_fitness": 0.3983939150787726,
    "mean_fitness": 0.27893412475698726
}