{
    "best_fitness": 1.10761736202655,
    "mean_fitness": 0.5540402530195877
}