{
    "best_fitness": 5.49466939609415,
    "mean_fitness": 1.1486334795059536
}