{
    "best_fitness": 6.32903653768077,
    "mean_fitness": 3.261396542877821
}