{
    "best_fitness": 0.30211057615048353,
    "mean_fitness": 0.1040929321624774
}