{
    "best_fitness": 1.29128553905751,
    "mean_fitness": 0.5626531454196981
}