{
    "best_fitness": 0.2875022357637842,
    "mean_fitness": 0.07748924978405534
}