{
    "best_fitness": 1.173797714112927,
    "mean_fitness": 0.5577460599624892
}