{
    "best_fitness": 1.0410980645010188,
    "mean_fitness": 0.6865196294228118
}