{
    "best_fitness": 0.9668578647445607,
    "mean_fitness": 0.3860744292620898
}