{
    "best_fitness": 0.35079183109042955,
    "mean_fitness": 0.19031062329450935
}