{
    "best_fitness": 2.8403396874601876,
    "mean_fitness": 1.0240019238051106
}