{
    "best_fitness": 6.23399752561101,
    "mean_fitness": 3.017122849084706
}