{
    "best_fitness": 0.06933993279263594,
    "mean_fitness": 0.004703388754734633
}