{
    "best_fitness": 0.4512996676757559,
    "mean_fitness": 0.30572213866068626
}