{
    "best_fitness": 0.6429205941986545,
    "mean_fitness": 0.31784732642992897
}