{
    "best_fitness": 1.111806884097016,
    "mean_fitness": 0.493202255400628
}