{
    "best_fitness": 1.1543697293311908,
    "mean_fitness": 0.5071229796517059
}