{
    "best_fitness": 0.5438193245061931,
    "mean_fitness": 0.13029050510647142
}