{
    "best_fitness": 0.4594836443781332,
    "mean_fitness": 0.3134527486995831
}