{
    "best_fitness": 1.003714710699479,
    "mean_fitness": 0.39868576175192594
}