{
    "best_fitness": 1.0208926088076675,
    "mean_fitness": 0.6700475347250526
}