{
    "best_fitness": 0.42055272587846515,
    "mean_fitness": 0.30780833472178076
}