{
    "best_fitness": 1.5947035397236915,
    "mean_fitness": 0.7335026713238474
}