{
    "best_fitness": 1.1986039776087523,
    "mean_fitness": 0.5909111489588101
}