{
    "best_fitness": 0.7500950564006109,
    "mean_fitness": 0.2922041155462813
}