{
    "best_fitness": 1.2298906282538449,
    "mean_fitness": 0.5386561288517929
}