{
    "best_fitness": 0.8554942302022586,
    "mean_fitness": 0.3026373597417425
}