{
    "best_fitness": 0.4701489563884564,
    "mean_fitness": 0.30808660175914243
}