{
    "best_fitness": 0.3129731554170591,
    "mean_fitness": 0.034628015254608
}