{
    "best_fitness": 0.8581206708184833,
    "mean_fitness": 0.31624219156592814
}