{
    "best_fitness": 0.901746869671544,
    "mean_fitness": 0.35961090473387297
}