{
    "best_fitness": 1.0163496458516335,
    "mean_fitness": 0.39950359869442775
}