{
    "best_fitness": 0.820575491762364,
    "mean_fitness": 0.32153337960647854
}