{
    "best_fitness": 0.48420678357184843,
    "mean_fitness": 0.3364319257789191
}