{
    "best_fitness": 6.003849318844265,
    "mean_fitness": 2.546411504195402
}