{
    "best_fitness": 0.5132056682772089,
    "mean_fitness": 0.351720983216132
}