{
    "best_fitness": 1.0553948515590037,
    "mean_fitness": 0.7572844401148046
}