{
    "best_fitness": 0.9121884429960819,
    "mean_fitness": 0.3355932116140981
}