{
    "best_fitness": 1.0358826317335066,
    "mean_fitness": 0.7088862003507103
}