{
    "best_fitness": 0.9360360644176431,
    "mean_fitness": 0.30340066147753353
}