{
    "best_fitness": 1.0776100482804194,
    "mean_fitness": 0.481789384990733
}