{
    "best_fitness": 1.2258339202522381,
    "mean_fitness": 0.5402903600000284
}