{
    "best_fitness": 1.0477189714705615,
    "mean_fitness": 0.7586235880333326
}