{
    "best_fitness": 0.35202543532897557,
    "mean_fitness": 0.24211238340715363
}