{
    "best_fitness": 1.2458464719159839,
    "mean_fitness": 0.5697142323159067
}