{
    "best_fitness": 1.0431066978090946,
    "mean_fitness": 0.7233082618667358
}