{
    "best_fitness": 1.1491893236523256,
    "mean_fitness": 0.5500178584277124
}