{
    "best_fitness": 0.6012293168254799,
    "mean_fitness": 0.36405364630695536
}