{
    "best_fitness": 1.0481926554903696,
    "mean_fitness": 0.4949433425462729
}