{
    "best_fitness": 13.042712777352904,
    "mean_fitness": -0.03541205933734665
}