{
    "best_fitness": 0.9108638030790536,
    "mean_fitness": 0.2673665184736835
}