{
    "best_fitness": 1.047189835542215,
    "mean_fitness": 0.7266328602269339
}