{
    "best_fitness": 2.7178127575699915,
    "mean_fitness": 0.9994221322487917
}