{
    "best_fitness": 1.0603179095197333,
    "mean_fitness": 0.4256327886978362
}