{
    "best_fitness": 1.2678419409066999,
    "mean_fitness": 0.5748724362092864
}