{
    "best_fitness": 0.35776996331883554,
    "mean_fitness": 0.26000868831617563
}