{
    "best_fitness": 0.5393256545041231,
    "mean_fitness": 0.3571477261246056
}