{
    "best_fitness": 1.2287025724612683,
    "mean_fitness": 0.5324207230300051
}