{
    "best_fitness": 1.0371771541851347,
    "mean_fitness": 0.6726594078872328
}