{
    "best_fitness": 10.781177697646418,
    "mean_fitness": -0.0770045635670734
}