{
    "best_fitness": 0.6245301238793954,
    "mean_fitness": 0.34241596182813655
}