{
    "best_fitness": 1.0773808508204012,
    "mean_fitness": 0.44881901282785647
}