{
    "best_fitness": 1.0465107241143277,
    "mean_fitness": 0.7155520551855392
}