{
    "best_fitness": 0.5211651160515165,
    "mean_fitness": 0.359000768785227
}