{
    "best_fitness": 1.0436763448198623,
    "mean_fitness": 0.731648709365855
}