{
    "best_fitness": 1.0361638900922194,
    "mean_fitness": 0.6841285852205303
}