{
    "best_fitness": 1.052753109463654,
    "mean_fitness": 0.7541363018847996
}