{
    "best_fitness": 0.8527895900284076,
    "mean_fitness": 0.3257711618192352
}