{
    "best_fitness": 0.36378448591654383,
    "mean_fitness": 0.20188151393680748
}