{
    "best_fitness": 0.40250315829519,
    "mean_fitness": 0.27985895847169784
}