{
    "best_fitness": 0.5444601717626777,
    "mean_fitness": 0.20416504567453564
}