{
    "best_fitness": 1.638794430846018,
    "mean_fitness": 0.77148715713497
}