{
    "best_fitness": 1.0299236723388059,
    "mean_fitness": 0.682166396649584
}