{
    "best_fitness": 0.7018297148258649,
    "mean_fitness": 0.24436287339178908
}