{
    "best_fitness": 0.4386074931824655,
    "mean_fitness": 0.30938904010504237
}