{
    "best_fitness": 1.7185850211087461,
    "mean_fitness": 0.8879995770426122
}