{
    "best_fitness": 1.0280109789598828,
    "mean_fitness": 0.635130062802788
}