{
    "best_fitness": 1.146826300525457,
    "mean_fitness": 0.5737791405141531
}