{
    "best_fitness": 1.1271183565456964,
    "mean_fitness": 0.5270379080581029
}