{
    "best_fitness": 0.9542708121148119,
    "mean_fitness": 0.5614092934193814
}