{
    "best_fitness": 0.9433832461348592,
    "mean_fitness": 0.35803017183941616
}