{
    "best_fitness": 0.3219366442578795,
    "mean_fitness": 0.1483058056628777
}