{
    "best_fitness": 0.48985725745044345,
    "mean_fitness": 0.32898265291938966
}