{
    "best_fitness": 0.28750753492801023,
    "mean_fitness": 0.09728519659917867
}