{
    "best_fitness": 0.8122579729294467,
    "mean_fitness": 0.534121681366689
}