{
    "best_fitness": 0.8345033835943722,
    "mean_fitness": 0.5251663880227472
}