{
    "best_fitness": 1.0926903115975863,
    "mean_fitness": 0.5413337806208256
}