{
    "best_fitness": 0.5150117575823687,
    "mean_fitness": 0.355513693338224
}