{
    "best_fitness": 0.3452600024995774,
    "mean_fitness": 0.160591001940512
}