{
    "best_fitness": 0.7375359794301137,
    "mean_fitness": 0.3196395730007277
}