{
    "best_fitness": 0.3683539650469041,
    "mean_fitness": 0.24927649085715417
}