{
    "best_fitness": 0.38342691817527375,
    "mean_fitness": 0.2650236822531156
}