{
    "best_fitness": 0.7382265150596662,
    "mean_fitness": 0.30739052301818237
}