{
    "best_fitness": 0.5288762458436163,
    "mean_fitness": 0.36525927985813655
}