{
    "best_fitness": 1.2347682628655474,
    "mean_fitness": 0.5521476620691442
}