{
    "best_fitness": 0.35983038611453855,
    "mean_fitness": 0.18799198300418238
}