{
    "best_fitness": 5.997582668339585,
    "mean_fitness": 2.328104161332908
}