{
    "best_fitness": 0.4254662277419095,
    "mean_fitness": 0.30192051505446876
}