{
    "best_fitness": 0.08930318970741936,
    "mean_fitness": 0.0045722557872241104
}