{
    "best_fitness": 0.9872770412935398,
    "mean_fitness": 0.5151818542144951
}