{
    "best_fitness": 4.241339600187352,
    "mean_fitness": 1.0879731775876056
}