{
    "best_fitness": 0.8883617262817256,
    "mean_fitness": 0.5086443162682108
}