{
    "best_fitness": 0.4509132895025056,
    "mean_fitness": 0.29856552916078943
}