{
    "best_fitness": 0.48725901616709444,
    "mean_fitness": 0.3392577472202059
}