{
    "best_fitness": 0.5115823284565832,
    "mean_fitness": 0.3605543272565379
}