{
    "best_fitness": 1.0480555450173101,
    "mean_fitness": 0.7436280914432207
}