{
    "best_fitness": 0.8718307919885034,
    "mean_fitness": 0.32310329609666344
}