{
    "best_fitness": 0.5593105046041377,
    "mean_fitness": 0.03172072624868386
}