{
    "best_fitness": 0.2792463978426309,
    "mean_fitness": 0.07499090653142707
}