{
    "best_fitness": 1.0229976009105302,
    "mean_fitness": 0.4920447477262508
}