{
    "best_fitness": 0.36923965821743354,
    "mean_fitness": 0.24247826952001317
}