{
    "best_fitness": 1.0580891479327243,
    "mean_fitness": 0.7669209617817676
}