{
    "best_fitness": 0.4778291519092787,
    "mean_fitness": 0.3355009155669295
}