{
    "best_fitness": 0.5144450188089011,
    "mean_fitness": 0.3678474054683567
}