{
    "best_fitness": 0.37730568211497634,
    "mean_fitness": 0.17624361528950272
}