{
    "best_fitness": 0.869731187290247,
    "mean_fitness": 0.48111773394389534
}