{
    "best_fitness": 1.071118522496114,
    "mean_fitness": 0.4883469672466325
}