{
    "best_fitness": 1.0265688518356737,
    "mean_fitness": 0.6713251774263898
}