{
    "best_fitness": 0.573258229414947,
    "mean_fitness": 0.1566112027176611
}