{
    "best_fitness": 0.4937149049610309,
    "mean_fitness": 0.34268863586373355
}