{
    "best_fitness": 1.0145546003662036,
    "mean_fitness": 0.6217328452379941
}