{
    "best_fitness": 1.0511154058026848,
    "mean_fitness": 0.7605589464449566
}