{
    "best_fitness": 0.513874435793401,
    "mean_fitness": 0.3415084886740742
}