{
    "best_fitness": 0.9135300768308352,
    "mean_fitness": 0.45045973898425484
}