{
    "best_fitness": 0.847989614470744,
    "mean_fitness": 0.28445446177430017
}