{
    "best_fitness": 1.0251330415469602,
    "mean_fitness": 0.6721979065977463
}