{
    "best_fitness": 0.44751285351146847,
    "mean_fitness": 0.3092520960782579
}