{
    "best_fitness": 0.7420929528845599,
    "mean_fitness": 0.3097054055447672
}