{
    "best_fitness": 0.8410201361606169,
    "mean_fitness": 0.5296137056296591
}