{
    "best_fitness": 1.217265878170013,
    "mean_fitness": 0.5453388072641299
}