{
    "best_fitness": 0.8496381339784692,
    "mean_fitness": 0.3394630861663316
}