{
    "best_fitness": 4.935197946075591,
    "mean_fitness": 1.0845605643734912
}