{
    "best_fitness": 1.2314867975558759,
    "mean_fitness": 0.7410520903602468
}