{
    "best_fitness": 0.9439355535355387,
    "mean_fitness": 0.34528729802916647
}