{
    "best_fitness": 0.9512178582187326,
    "mean_fitness": 0.4052421422441846
}