{
    "best_fitness": 0.3632677423900149,
    "mean_fitness": 0.25769889348905906
}