{
    "best_fitness": 1.1155067174093847,
    "mean_fitness": 0.5304198841048537
}