{
    "best_fitness": 1.2551444106553011,
    "mean_fitness": 0.5742201321888802
}