{
    "best_fitness": 1.2418463040174144,
    "mean_fitness": 0.4174620303926912
}