{
    "best_fitness": 0.36211025771856503,
    "mean_fitness": 0.24546355193521657
}