{
    "best_fitness": 3.581439759360293,
    "mean_fitness": 1.048454696292494
}