{
    "best_fitness": 0.36683465855358516,
    "mean_fitness": 0.25850945793295155
}