{
    "best_fitness": 0.3081948177563372,
    "mean_fitness": 0.08521986680087211
}