{
    "best_fitness": 0.7778407835947134,
    "mean_fitness": 0.2810762081090919
}