{
    "best_fitness": 0.8071284228670388,
    "mean_fitness": 0.24136792318459038
}