{
    "best_fitness": 5.970349703504434,
    "mean_fitness": 2.080171889996225
}