{
    "best_fitness": 1.1322981044257086,
    "mean_fitness": 0.5523585195600416
}