{
    "best_fitness": 1.1116383847045241,
    "mean_fitness": 0.5414798616277631
}