{
    "best_fitness": 0.34791433942664807,
    "mean_fitness": 0.2217743824343412
}