{
    "best_fitness": 1.040935299353457,
    "mean_fitness": 0.7377716661318302
}