{
    "best_fitness": 0.8740952854329144,
    "mean_fitness": 0.3374387834862493
}