{
    "best_fitness": 0.4193283199830456,
    "mean_fitness": 0.3028357649068872
}