{
    "best_fitness": 4.888482090281839,
    "mean_fitness": 1.112664987430204
}