{
    "best_fitness": 1.009434504567626,
    "mean_fitness": 0.6203161465200298
}