{
    "best_fitness": 0.3931948973957635,
    "mean_fitness": 0.2805411922901092
}