{
    "best_fitness": 0.9331425661764147,
    "mean_fitness": 0.3480886096969749
}