{
    "best_fitness": 0.3985348458742623,
    "mean_fitness": 0.2877169813435005
}