{
    "best_fitness": 1.2395283140753093,
    "mean_fitness": 0.4873964772175971
}