{
    "best_fitness": 0.35266874569019,
    "mean_fitness": 0.15913036538658173
}