{
    "best_fitness": 0.5173839183563966,
    "mean_fitness": 0.34212306617193805
}