{
    "best_fitness": 0.8944769198747766,
    "mean_fitness": 0.3307779618256217
}