{
    "best_fitness": 6.021154070949591,
    "mean_fitness": 2.477845834010832
}