{
    "best_fitness": 0.7494821646721744,
    "mean_fitness": 0.316299067983575
}