{
    "best_fitness": 0.3461250322205301,
    "mean_fitness": 0.20565290467927355
}