{
    "best_fitness": 0.6802736919998108,
    "mean_fitness": 0.29741621438284194
}