{
    "best_fitness": 1.0279529692719918,
    "mean_fitness": 0.6719758382521399
}