{
    "best_fitness": 0.4156765623157845,
    "mean_fitness": 0.30490162337337773
}