{
    "best_fitness": 5.8604797575035565,
    "mean_fitness": 1.6330518004260033
}