{
    "best_fitness": 0.9778487666318395,
    "mean_fitness": 0.5951087174823839
}