{
    "best_fitness": 0.4889536770497043,
    "mean_fitness": 0.34279260796928007
}