{
    "best_fitness": 0.29718323177483463,
    "mean_fitness": 0.11262629791951637
}