{
    "best_fitness": 0.8294572985020876,
    "mean_fitness": 0.27421864564868537
}