{
    "best_fitness": 0.9618866664302941,
    "mean_fitness": 0.38778189758731324
}