{
    "best_fitness": 0.49598672089957,
    "mean_fitness": 0.3479370387462841
}