{
    "best_fitness": 1.0715319135741956,
    "mean_fitness": 0.4867255122677642
}