{
    "best_fitness": 0.4997448602730611,
    "mean_fitness": 0.3574910956475852
}