{
    "best_fitness": 1.1450776586643827,
    "mean_fitness": 0.5708812525471073
}