{
    "best_fitness": 0.9408120636118958,
    "mean_fitness": 0.2907778032332446
}