{
    "best_fitness": 1.945199651795951,
    "mean_fitness": 0.7713831061756868
}