{
    "best_fitness": 0.7277898233213389,
    "mean_fitness": 0.3053413242133607
}