{
    "best_fitness": 1.1384521372969392,
    "mean_fitness": 0.5044703315729777
}