{
    "best_fitness": 0.49566977704756887,
    "mean_fitness": 0.3398346579767954
}