{
    "best_fitness": 1.0489464626576086,
    "mean_fitness": 0.3081216962751064
}