{
    "best_fitness": 6.3489630415567015,
    "mean_fitness": 3.3897762099759214
}