{
    "best_fitness": 0.9296949316989681,
    "mean_fitness": 0.41974542640979107
}