{
    "best_fitness": 0.37106376045362716,
    "mean_fitness": 0.2861382158031372
}