{
    "best_fitness": 0.5224195907837472,
    "mean_fitness": 0.36887419893260526
}