{
    "best_fitness": 1.1877503116391814,
    "mean_fitness": 0.5135791640861396
}