{
    "best_fitness": 1.0280407347878524,
    "mean_fitness": 0.6765167603711679
}