{
    "best_fitness": 1.0413043257057055,
    "mean_fitness": 0.7074054183654818
}