{
    "best_fitness": 0.4839308617531948,
    "mean_fitness": 0.3440345276230927
}