{
    "best_fitness": 0.4324470294308109,
    "mean_fitness": 0.30733774096320904
}