{
    "best_fitness": 0.4371059146006418,
    "mean_fitness": 0.3058516609649875
}