{
    "best_fitness": 1.173647885032597,
    "mean_fitness": 0.5791990211856937
}