{
    "best_fitness": 2.4515116318406087,
    "mean_fitness": 0.7963230007232842
}