{
    "best_fitness": 1.1003118510130119,
    "mean_fitness": 0.4622070894769506
}