{
    "best_fitness": 0.3829190152816511,
    "mean_fitness": 0.2752425527818084
}