{
    "best_fitness": 0.8436812862157872,
    "mean_fitness": 0.4622856028634132
}