{
    "best_fitness": 0.5194566629131797,
    "mean_fitness": 0.3570533344401689
}