{
    "best_fitness": 0.021614901306255322,
    "mean_fitness": 0.0030839031248625945
}