{
    "best_fitness": 0.9463342050046084,
    "mean_fitness": 0.3824167056240947
}