{
    "best_fitness": 0.42377103277966766,
    "mean_fitness": 0.30759221059147906
}