{
    "best_fitness": 6.305728352244887,
    "mean_fitness": 3.17665846668263
}