{
    "best_fitness": 0.34291503814234214,
    "mean_fitness": 0.12351060256158607
}