{
    "best_fitness": 0.01921931645846158,
    "mean_fitness": 0.003629653060772668
}