{
    "best_fitness": 0.7566674457838977,
    "mean_fitness": 0.21997895758129915
}