{
    "best_fitness": 1.0717190815367212,
    "mean_fitness": 0.6059125802657261
}