{
    "best_fitness": 0.9114357493068007,
    "mean_fitness": 0.35877011465005126
}