{
    "best_fitness": 0.8998094789610654,
    "mean_fitness": 0.5210749374715055
}