{
    "best_fitness": 0.2801338538599112,
    "mean_fitness": 0.09666545605568175
}