{
    "best_fitness": 0.6436905288207371,
    "mean_fitness": 0.2878362850166174
}