{
    "best_fitness": 0.9448255557944117,
    "mean_fitness": 0.3679363537618765
}