{
    "best_fitness": 0.9320200958151703,
    "mean_fitness": 0.4657304753622335
}