{
    "best_fitness": 5.945476984054913,
    "mean_fitness": 2.1530872916239803
}