{
    "best_fitness": 1.1619394374394636,
    "mean_fitness": 0.5304129977324394
}