{
    "best_fitness": 0.9524737504577202,
    "mean_fitness": 0.5621172595583313
}