{
    "best_fitness": 1.0821595558046397,
    "mean_fitness": 0.39037720377028806
}