{
    "best_fitness": 0.4222491743564855,
    "mean_fitness": 0.3010204626820756
}