{
    "best_fitness": 0.5069770823873261,
    "mean_fitness": 0.36028346754913765
}