{
    "best_fitness": 9.601275954673563,
    "mean_fitness": -0.09687372046758898
}