{
    "best_fitness": 2.6286766714827237,
    "mean_fitness": 1.0023297472546984
}