{
    "best_fitness": 0.5131360669124645,
    "mean_fitness": 0.36030039575315037
}