{
    "best_fitness": 0.6680256378572411,
    "mean_fitness": 0.22043917572100985
}