{
    "best_fitness": 1.0979812162169984,
    "mean_fitness": 0.4720995417950586
}