{
    "best_fitness": 0.9241204663091968,
    "mean_fitness": 0.34531043724758226
}