{
    "best_fitness": 1.0291214233562367,
    "mean_fitness": 0.6754652803722292
}