{
    "best_fitness": 0.47289656365194727,
    "mean_fitness": 0.3072800364890251
}