{
    "best_fitness": 1.2027086999658454,
    "mean_fitness": 0.5766073631795118
}