{
    "best_fitness": 1.007796219051448,
    "mean_fitness": 0.34017915482638
}