{
    "best_fitness": 1.070225911269358,
    "mean_fitness": 0.4320257834640613
}