{
    "best_fitness": 1.0203623665049377,
    "mean_fitness": 0.5066108478148897
}