{
    "best_fitness": 0.519332743189364,
    "mean_fitness": 0.36091109881211414
}