{
    "best_fitness": 0.24037353895252142,
    "mean_fitness": 0.06671252818975265
}