{
    "best_fitness": 0.31734803941947987,
    "mean_fitness": 0.12020157527263294
}