{
    "best_fitness": 0.7451489463388457,
    "mean_fitness": 0.2793449727288877
}