{
    "best_fitness": 5.407126695677287,
    "mean_fitness": 1.1773362403530898
}