{
    "best_fitness": 0.8596731525154083,
    "mean_fitness": 0.3258610624739139
}