{
    "best_fitness": 0.018089240529940466,
    "mean_fitness": 0.003783056388976797
}