{
    "best_fitness": 0.813551071349698,
    "mean_fitness": 0.3337279817459713
}