{
    "best_fitness": 1.0348685773857802,
    "mean_fitness": 0.6736737884002604
}