{
    "best_fitness": 1.1026995408468678,
    "mean_fitness": 0.5378087057683552
}