{
    "best_fitness": 5.333180927975955,
    "mean_fitness": 1.1175247011223517
}