{
    "best_fitness": 5.962933412637861,
    "mean_fitness": 2.4729774258375223
}