{
    "best_fitness": 0.5217931673815647,
    "mean_fitness": 0.3551951350747156
}