{
    "best_fitness": 0.3296001542695266,
    "mean_fitness": 0.14196021221745422
}