{
    "best_fitness": 0.03270715198544832,
    "mean_fitness": 0.0040629512305738
}