{
    "best_fitness": 0.9285736751325598,
    "mean_fitness": 0.3865224491014037
}