{
    "best_fitness": 0.4310317182347535,
    "mean_fitness": 0.3056196494968268
}