{
    "best_fitness": 0.33915730701902197,
    "mean_fitness": 0.09718525820702711
}