{
    "best_fitness": 0.8530054355394558,
    "mean_fitness": 0.4805764612697051
}