{
    "best_fitness": 1.033986152511677,
    "mean_fitness": 0.7230613712496294
}