{
    "best_fitness": 0.4371651417326829,
    "mean_fitness": 0.3050398653159361
}