{
    "best_fitness": 0.7398388752520237,
    "mean_fitness": 0.25834956783055063
}