{
    "best_fitness": 1.1212906263917946,
    "mean_fitness": 0.4876920354889347
}