{
    "best_fitness": 0.9265012326720171,
    "mean_fitness": 0.3369783415671201
}