{
    "best_fitness": 0.9991831312128869,
    "mean_fitness": 0.6087481118043957
}