{
    "best_fitness": 1.0805814749703597,
    "mean_fitness": 0.5149115690598782
}