{
    "best_fitness": 1.143362137053459,
    "mean_fitness": 0.588695974358586
}