{
    "best_fitness": 0.4070897497826483,
    "mean_fitness": 0.2940403093215381
}