{
    "best_fitness": 1.1319720835703315,
    "mean_fitness": 0.53656286504072
}