{
    "best_fitness": 0.8621302788389901,
    "mean_fitness": 0.2841009363125568
}