{
    "best_fitness": 0.5078533686446184,
    "mean_fitness": 0.35515410757115135
}