{
    "best_fitness": 0.5249627996550514,
    "mean_fitness": 0.3633738105189342
}