{
    "best_fitness": 1.1527312609737193,
    "mean_fitness": 0.5005623941635718
}