{
    "best_fitness": 0.45847314188465366,
    "mean_fitness": 0.3119330100587441
}