{
    "best_fitness": 0.4165985256012083,
    "mean_fitness": 0.29922177153130536
}