{
    "best_fitness": 0.5212284955755525,
    "mean_fitness": 0.3634757819841351
}