{
    "best_fitness": 1.0876346212434196,
    "mean_fitness": 0.44696981309424144
}