{
    "best_fitness": 0.02333380603052124,
    "mean_fitness": 0.0028184070430430836
}