{
    "best_fitness": 1.1228024687621359,
    "mean_fitness": 0.49454600777923247
}