{
    "best_fitness": 0.511709080553862,
    "mean_fitness": 0.35184327881520905
}