{
    "best_fitness": 0.41986489240854286,
    "mean_fitness": 0.3070698250658642
}