{
    "best_fitness": 0.9464807455768839,
    "mean_fitness": 0.5111139683906177
}