{
    "best_fitness": 1.0391726840828155,
    "mean_fitness": 0.679471202806992
}