{
    "best_fitness": 1.0491258266693542,
    "mean_fitness": 0.3612357504996919
}