{
    "best_fitness": 0.9216349991986051,
    "mean_fitness": 0.516955747074036
}