{
    "best_fitness": 6.21913019968177,
    "mean_fitness": 2.896670278358937
}