{
    "best_fitness": 0.49655035344624404,
    "mean_fitness": 0.3549359373462445
}