{
    "best_fitness": 1.2180887291355353,
    "mean_fitness": 0.5681240977224641
}