{
    "best_fitness": 0.3052463416563741,
    "mean_fitness": 0.11334035385964475
}