{
    "best_fitness": 1.2156118771479123,
    "mean_fitness": 0.5559881275908574
}