{
    "best_fitness": 1.7133542065263512,
    "mean_fitness": 0.8323884322940155
}