{
    "best_fitness": 0.9808073434678625,
    "mean_fitness": 0.5649422165913085
}