{
    "best_fitness": 0.9088620041152609,
    "mean_fitness": 0.2653449921016221
}