{
    "best_fitness": 0.306535405607,
    "mean_fitness": 0.08026380183652064
}