{
    "best_fitness": 0.8799024822918559,
    "mean_fitness": 0.2983396974389596
}