{
    "best_fitness": 0.5175975313877358,
    "mean_fitness": 0.35139163401794987
}