{
    "best_fitness": 0.017499307438793497,
    "mean_fitness": 0.0032101841890889507
}