{
    "best_fitness": 0.8902857121179526,
    "mean_fitness": 0.3650552930474454
}