{
    "best_fitness": 1.1262035759479698,
    "mean_fitness": 0.5279574882354082
}