{
    "best_fitness": 1.0430164637562114,
    "mean_fitness": 0.6594921689222062
}