{
    "best_fitness": 1.2589902985127075,
    "mean_fitness": 0.5724746702873407
}