{
    "best_fitness": 0.9540923102769588,
    "mean_fitness": 0.3629343853858752
}