{
    "best_fitness": 0.8311594345202631,
    "mean_fitness": 0.46759694786988987
}