{
    "best_fitness": 1.1416714778273946,
    "mean_fitness": 0.5457696769694653
}