{
    "best_fitness": 5.932307312728519,
    "mean_fitness": 1.7706471340545904
}