{
    "best_fitness": 0.7920340087164204,
    "mean_fitness": 0.284073974796417
}