{
    "best_fitness": 0.9506597601811245,
    "mean_fitness": 0.5219227368742461
}