{
    "best_fitness": 1.135987476288027,
    "mean_fitness": 0.593853068334171
}