{
    "best_fitness": 0.3483082005661462,
    "mean_fitness": 0.22060050065750408
}