{
    "best_fitness": 1.0282618554187475,
    "mean_fitness": 0.38879642870797676
}