{
    "best_fitness": 0.4469225616633878,
    "mean_fitness": 0.3058000846338658
}