{
    "best_fitness": 0.020929324191893157,
    "mean_fitness": 0.0027131386699746495
}