{
    "best_fitness": 0.4700295516526855,
    "mean_fitness": 0.3242155028601385
}