{
    "best_fitness": 0.7568446174514032,
    "mean_fitness": 0.21740145830521784
}