{
    "best_fitness": 0.997227096442374,
    "mean_fitness": 0.38548740537835463
}