{
    "best_fitness": 0.41832761765077425,
    "mean_fitness": 0.30493139026022437
}