{
    "best_fitness": 6.210420470256337,
    "mean_fitness": 2.8950154221900877
}