{
    "best_fitness": 1.0605849640695901,
    "mean_fitness": 0.6912399547238399
}