{
    "best_fitness": 1.0272243185326557,
    "mean_fitness": 0.6719038191779844
}