{
    "best_fitness": 1.0284704348189753,
    "mean_fitness": 0.42994887743433363
}