{
    "best_fitness": 0.08090005407487973,
    "mean_fitness": 0.004838395884422868
}