{
    "best_fitness": 1.1033200365945872,
    "mean_fitness": 0.49903176042590314
}