{
    "best_fitness": 0.35199019537635823,
    "mean_fitness": 0.25468384545503947
}