{
    "best_fitness": 0.4269940398741372,
    "mean_fitness": 0.3070286491195327
}