{
    "best_fitness": 1.0481198629933162,
    "mean_fitness": 0.7529417467884636
}