{
    "best_fitness": 1.043033340459524,
    "mean_fitness": 0.683399324956828
}