{
    "best_fitness": 0.41083236574923093,
    "mean_fitness": 0.29790550738071486
}