{
    "best_fitness": 0.9839456931118744,
    "mean_fitness": 0.6010073153732216
}