{
    "best_fitness": 0.900955964863251,
    "mean_fitness": 0.5339936156246676
}