{
    "best_fitness": 1.034977212808276,
    "mean_fitness": 0.6934348073242108
}