{
    "best_fitness": 1.0338403131489884,
    "mean_fitness": 0.6771376511470093
}