{
    "best_fitness": 0.37060254757750777,
    "mean_fitness": 0.2524455335912648
}