{
    "best_fitness": 1.0466577467083797,
    "mean_fitness": 0.7294669872354258
}