{
    "best_fitness": 2.4811416483705497,
    "mean_fitness": 0.9587914005095536
}