{
    "best_fitness": 0.4063487016866638,
    "mean_fitness": 0.3044925287469853
}