{
    "best_fitness": 5.7542050043365345,
    "mean_fitness": 1.9336356764192866
}