{
    "best_fitness": 1.159095995295763,
    "mean_fitness": 0.5639852262429591
}