{
    "best_fitness": 6.249011327823275,
    "mean_fitness": 2.787925502676418
}