{
    "best_fitness": 1.0408681722090352,
    "mean_fitness": 0.7068046061606714
}