{
    "best_fitness": 0.3326158176120367,
    "mean_fitness": 0.12173820082510037
}