{
    "best_fitness": 6.050358673782002,
    "mean_fitness": 2.6353686135010066
}