{
    "best_fitness": 1.0544340840681863,
    "mean_fitness": 0.4272601931759659
}