{
    "best_fitness": 0.44131539595651764,
    "mean_fitness": 0.31131765360038405
}