{
    "best_fitness": 0.807609473450081,
    "mean_fitness": 0.2639862928262969
}