{
    "best_fitness": 0.3624697546653701,
    "mean_fitness": 0.17921295810130494
}