{
    "best_fitness": 0.02116511154448805,
    "mean_fitness": 0.003302672737226884
}