{
    "best_fitness": 1.0627394146426346,
    "mean_fitness": 0.49821410168753505
}