{
    "best_fitness": 1.1856523490865696,
    "mean_fitness": 0.6132250763828865
}