{
    "best_fitness": 1.0239997479104725,
    "mean_fitness": 0.6612196246516854
}