{
    "best_fitness": 6.185375495942203,
    "mean_fitness": 2.7389487990358967
}