{
    "best_fitness": 1.0563455845858825,
    "mean_fitness": 0.40329697877805404
}