{
    "best_fitness": 1.1418037446517109,
    "mean_fitness": 0.5559810361245122
}