{
    "best_fitness": 0.5022482440222038,
    "mean_fitness": 0.354028832101646
}