{
    "best_fitness": 0.4321836830463082,
    "mean_fitness": 0.30748814242151695
}