{
    "best_fitness": 4.940499209549925,
    "mean_fitness": 1.1251773690328706
}