{
    "best_fitness": 0.37958155131520144,
    "mean_fitness": 0.27274534866524275
}