{
    "best_fitness": 0.020904306416859364,
    "mean_fitness": 0.004027690797999586
}