{
    "best_fitness": 0.40120774736266246,
    "mean_fitness": 0.28769772850397946
}