{
    "best_fitness": 1.0518941584645747,
    "mean_fitness": 0.7257527454312347
}