{
    "best_fitness": 1.0488332262708997,
    "mean_fitness": 0.38425843389877956
}