{
    "best_fitness": 1.2537551377506961,
    "mean_fitness": 0.5628381106383294
}