{
    "best_fitness": 1.1336839434321802,
    "mean_fitness": 0.6894140012653719
}