{
    "best_fitness": 0.2812305595763058,
    "mean_fitness": 0.08932881729560617
}