{
    "best_fitness": 0.902847264065151,
    "mean_fitness": 0.5199914895181014
}