{
    "best_fitness": 1.0575093138762028,
    "mean_fitness": 0.7615852426582678
}