{
    "best_fitness": 1.9388265706797452,
    "mean_fitness": 0.7176167309254092
}