{
    "best_fitness": 0.9327536178300538,
    "mean_fitness": 0.3163477598009796
}