{
    "best_fitness": 1.0414427957834291,
    "mean_fitness": 0.7157179035267951
}