{
    "best_fitness": 0.6410288232088972,
    "mean_fitness": 0.16336373010143057
}