{
    "best_fitness": 0.357190475061172,
    "mean_fitness": 0.19612894339961007
}