{
    "best_fitness": 0.6160477996252112,
    "mean_fitness": 0.212650552456675
}