{
    "best_fitness": 1.1364685663683085,
    "mean_fitness": 0.5373034489354116
}