{
    "best_fitness": 1.03541760564417,
    "mean_fitness": 0.7145756906351874
}