{
    "best_fitness": 0.10942359131707319,
    "mean_fitness": 0.006132947934136706
}