{
    "best_fitness": 6.371199573362755,
    "mean_fitness": 3.204998319432121
}