{
    "best_fitness": 4.920250880398882,
    "mean_fitness": 1.1078209228547957
}