{
    "best_fitness": 6.234651981922967,
    "mean_fitness": 2.9305899662604613
}