{
    "best_fitness": 0.9114798432905699,
    "mean_fitness": 0.5287734751802424
}