{
    "best_fitness": 0.362834096865362,
    "mean_fitness": 0.27301325507703134
}