{
    "best_fitness": 5.94632976220125,
    "mean_fitness": 2.009443499640253
}