{
    "best_fitness": 0.3369293234898107,
    "mean_fitness": 0.13462991040987987
}