{
    "best_fitness": 1.0673214921782244,
    "mean_fitness": 0.49167131686551924
}