{
    "best_fitness": 1.0464527254849265,
    "mean_fitness": 0.7148772776445992
}