{
    "best_fitness": 0.38586880376089927,
    "mean_fitness": 0.27597564323410934
}