{
    "best_fitness": 0.3635532508925364,
    "mean_fitness": 0.2595369472229889
}