{
    "best_fitness": 0.9059819649885913,
    "mean_fitness": 0.5107535318586384
}