{
    "best_fitness": 5.824336840307139,
    "mean_fitness": 1.8207642226470413
}