{
    "best_fitness": 0.34537256680613254,
    "mean_fitness": 0.1669920006807521
}