{
    "best_fitness": 0.3790898116250316,
    "mean_fitness": 0.28101359329556724
}