{
    "best_fitness": 1.0063395990416855,
    "mean_fitness": 0.5828636326158172
}