{
    "best_fitness": 0.43672631454607064,
    "mean_fitness": 0.3086414646671061
}