{
    "best_fitness": 0.8610263447233801,
    "mean_fitness": 0.2423387066041114
}