{
    "best_fitness": 0.4599613922788819,
    "mean_fitness": 0.3129634578559355
}