{
    "best_fitness": 1.238738146000145,
    "mean_fitness": 0.5339882470363279
}