{
    "best_fitness": 0.9370382893474533,
    "mean_fitness": 0.4048430914061703
}