{
    "best_fitness": 6.252580657848631,
    "mean_fitness": 3.134574146700972
}