{
    "best_fitness": 0.5800444496229041,
    "mean_fitness": 0.12460137076964826
}