{
    "best_fitness": 0.4398094802648553,
    "mean_fitness": 0.3055247485220123
}