{
    "best_fitness": 1.1744870795530207,
    "mean_fitness": 0.5322893713536776
}