{
    "best_fitness": 0.5026489209557786,
    "mean_fitness": 0.3525670734332482
}