{
    "best_fitness": 5.26730414142302,
    "mean_fitness": 1.2508857147069201
}