{
    "best_fitness": 0.40454355807905024,
    "mean_fitness": 0.2913587532713131
}