{
    "best_fitness": 1.1386567342296847,
    "mean_fitness": 0.5100998987379983
}