{
    "best_fitness": 0.9371107747536388,
    "mean_fitness": 0.5425830292395223
}