{
    "best_fitness": 5.243693103581947,
    "mean_fitness": 1.1595043402867178
}