{
    "best_fitness": 0.29581045649227977,
    "mean_fitness": 0.06584648944546154
}