{
    "best_fitness": 0.39464387834649256,
    "mean_fitness": 0.2793148622602922
}