{
    "best_fitness": 1.0892837936955222,
    "mean_fitness": 0.4847503282018454
}