{
    "best_fitness": 1.024141966583542,
    "mean_fitness": 0.70252185178894
}