{
    "best_fitness": 1.0384788743410436,
    "mean_fitness": 0.6332829504895487
}