{
    "best_fitness": 0.9313628683450068,
    "mean_fitness": 0.3772205617103349
}