{
    "best_fitness": 0.4749694668806305,
    "mean_fitness": 0.3172217403010662
}