{
    "best_fitness": 0.41309138384707517,
    "mean_fitness": 0.30067393353908944
}