{
    "best_fitness": 6.0838174182994145,
    "mean_fitness": 2.3509813731490743
}