{
    "best_fitness": 0.36221269019794416,
    "mean_fitness": 0.22292322482537816
}