{
    "best_fitness": 0.8946297191194637,
    "mean_fitness": 0.42927814751332116
}