{
    "best_fitness": 0.41013756560370523,
    "mean_fitness": 0.07078791727006993
}