{
    "best_fitness": 1.0180722598494327,
    "mean_fitness": 0.636116166196207
}