{
    "best_fitness": 1.1273008035028775,
    "mean_fitness": 0.5327843025978828
}