{
    "best_fitness": 0.9582554695016636,
    "mean_fitness": 0.571826236370078
}