{
    "best_fitness": 0.31048691934403505,
    "mean_fitness": 0.13097690685491298
}