{
    "best_fitness": 1.033797194358383,
    "mean_fitness": 0.6719148784888116
}