{
    "best_fitness": 0.03779390776275433,
    "mean_fitness": 0.0026632752602975466
}