{
    "best_fitness": 0.9370691745952975,
    "mean_fitness": 0.4521416532213198
}