{
    "best_fitness": 0.41827628663187716,
    "mean_fitness": 0.3032320822397053
}