{
    "best_fitness": 0.8318731586535673,
    "mean_fitness": 0.27626996200879694
}