{
    "best_fitness": 1.1866658321752235,
    "mean_fitness": 0.5438217881845194
}