{
    "best_fitness": 0.8357249020561605,
    "mean_fitness": 0.33438795480577904
}