{
    "best_fitness": 6.057851660367538,
    "mean_fitness": 2.635191227388485
}