{
    "best_fitness": 1.1054535592418575,
    "mean_fitness": 0.45849492901293804
}