{
    "best_fitness": 0.9501927804034712,
    "mean_fitness": 0.5230027110967844
}