{
    "best_fitness": 1.1217267319478372,
    "mean_fitness": 0.7522648239974558
}