{
    "best_fitness": 0.8973768255723721,
    "mean_fitness": 0.2913181592640551
}