{
    "best_fitness": 1.1604708060859354,
    "mean_fitness": 0.5779370967312584
}