{
    "best_fitness": 0.019973200486979203,
    "mean_fitness": 0.002864870438026823
}