{
    "best_fitness": 1.0636352093117813,
    "mean_fitness": 0.46604368184971207
}