{
    "best_fitness": 6.286598456117759,
    "mean_fitness": 3.3222613455394576
}