{
    "best_fitness": 0.8535608128584448,
    "mean_fitness": 0.47889872331531486
}