{
    "best_fitness": 0.8480838781255639,
    "mean_fitness": 0.5366576433889392
}