{
    "best_fitness": 0.9474322950797162,
    "mean_fitness": 0.26350451248416196
}