{
    "best_fitness": 1.1226743058581619,
    "mean_fitness": 0.5287027188065893
}