{
    "best_fitness": 0.9681751672701021,
    "mean_fitness": 0.38467803937015616
}