{
    "best_fitness": 0.022094118953203068,
    "mean_fitness": 0.0032629866078147667
}