{
    "best_fitness": 1.042630891458754,
    "mean_fitness": 0.740535108584701
}