{
    "best_fitness": 0.9070268833876577,
    "mean_fitness": 0.468072950311161
}