{
    "best_fitness": 1.0636882224574242,
    "mean_fitness": 0.442953404431928
}