{
    "best_fitness": 1.0987787048146334,
    "mean_fitness": 0.4415330277423589
}