{
    "best_fitness": 0.457570200836057,
    "mean_fitness": 0.30901179375684196
}