{
    "best_fitness": 0.9260332423136748,
    "mean_fitness": 0.5426300469401601
}