{
    "best_fitness": 0.9823867329411328,
    "mean_fitness": 0.5723178402893913
}