{
    "best_fitness": 6.298279872438355,
    "mean_fitness": 2.9957422237723703
}