{
    "best_fitness": 1.1785299569439318,
    "mean_fitness": 0.5669557466231342
}