{
    "best_fitness": 1.0283462978157252,
    "mean_fitness": 0.6732506140725846
}