{
    "best_fitness": 0.3650491382133569,
    "mean_fitness": 0.2253819973581263
}