{
    "best_fitness": 0.022243204451187385,
    "mean_fitness": 0.0026971732121034
}