{
    "best_fitness": 1.2304452361123006,
    "mean_fitness": 0.5781915192480347
}