{
    "best_fitness": 1.135017167912991,
    "mean_fitness": 0.5763702889450253
}