{
    "best_fitness": 2.6046843074761625,
    "mean_fitness": 1.0081089850147646
}