{
    "best_fitness": 1.1312682207538771,
    "mean_fitness": 0.4984859838882255
}