{
    "best_fitness": 0.9256282099566153,
    "mean_fitness": 0.33806626114447946
}