{
    "best_fitness": 0.9698886375650669,
    "mean_fitness": 0.4061974396588151
}