{
    "best_fitness": 1.1585445790184885,
    "mean_fitness": 0.5921571559976904
}