{
    "best_fitness": 0.871149227316124,
    "mean_fitness": 0.35452542288798966
}