{
    "best_fitness": 0.9222139617950814,
    "mean_fitness": 0.3519076735064946
}