{
    "best_fitness": 1.2419183919788463,
    "mean_fitness": 0.5409576514463734
}