{
    "best_fitness": 0.5169099016429054,
    "mean_fitness": 0.34598255520303095
}