{
    "best_fitness": 0.3487542665221536,
    "mean_fitness": 0.19683499110016095
}