{
    "best_fitness": 0.3975634959401223,
    "mean_fitness": 0.2785571189100226
}