{
    "best_fitness": 0.9658924674641296,
    "mean_fitness": 0.4191225875104148
}