{
    "best_fitness": 0.8321640446741836,
    "mean_fitness": 0.5268817395203019
}