{
    "best_fitness": 6.309434468218291,
    "mean_fitness": 3.1721571414626486
}