{
    "best_fitness": 1.0451435599376908,
    "mean_fitness": 0.47049422705354343
}