{
    "best_fitness": 0.35836365498449063,
    "mean_fitness": 0.2520704001124729
}