{
    "best_fitness": 0.9105364997875133,
    "mean_fitness": 0.5106844695257812
}