{
    "best_fitness": 0.6585210905006056,
    "mean_fitness": 0.25770398619544055
}