{
    "best_fitness": 0.3035257804298459,
    "mean_fitness": 0.09071654888940076
}