{
    "best_fitness": 1.0491567279673213,
    "mean_fitness": 0.7512676278628513
}