{
    "best_fitness": 1.0422484890251378,
    "mean_fitness": 0.7540848522623577
}