{
    "best_fitness": 0.9340656994314782,
    "mean_fitness": 0.36620262585238816
}