{
    "best_fitness": 0.955063820996229,
    "mean_fitness": 0.36972841148639807
}