{
    "best_fitness": 0.48392409190752966,
    "mean_fitness": 0.32130460767029545
}