{
    "best_fitness": 0.3554835499539466,
    "mean_fitness": 0.22223502841453466
}