{
    "best_fitness": 0.8002647893530828,
    "mean_fitness": 0.24089591203843178
}