{
    "best_fitness": 0.9263749307739818,
    "mean_fitness": 0.4046726394538039
}