{
    "best_fitness": 0.49538612030594026,
    "mean_fitness": 0.32111756793062607
}