{
    "best_fitness": 0.6119133254610548,
    "mean_fitness": 0.20741962580121612
}