{
    "best_fitness": 0.49506659352202176,
    "mean_fitness": 0.3405105506663541
}