{
    "best_fitness": 0.4105618244028429,
    "mean_fitness": 0.30222085026432294
}