{
    "best_fitness": 0.5191101135040002,
    "mean_fitness": 0.3659982658858889
}