{
    "best_fitness": 0.8522522391592982,
    "mean_fitness": 0.28786082130831947
}