{
    "best_fitness": 6.074222436553289,
    "mean_fitness": 2.590304437393227
}