{
    "best_fitness": 0.9742114017916504,
    "mean_fitness": 0.40419176446174276
}