{
    "best_fitness": 0.7815096740301622,
    "mean_fitness": 0.24988119616446697
}