{
    "best_fitness": 1.3903135859607287,
    "mean_fitness": 0.5787991697782838
}