{
    "best_fitness": 2.534280726441189,
    "mean_fitness": 0.9423332973461236
}