{
    "best_fitness": 1.2202804749860943,
    "mean_fitness": 0.5616633796589008
}