{
    "best_fitness": 0.4839661593858077,
    "mean_fitness": 0.3352802008043828
}