{
    "best_fitness": 0.38347503503894753,
    "mean_fitness": 0.15743501536059232
}