{
    "best_fitness": 0.8859721810831738,
    "mean_fitness": 0.3378981624202146
}