{
    "best_fitness": 1.013711449189908,
    "mean_fitness": 0.6541230071394067
}