{
    "best_fitness": 4.130372099048599,
    "mean_fitness": 1.0832478275128161
}