{
    "best_fitness": 0.9632249190505312,
    "mean_fitness": 0.4151283945216845
}