{
    "best_fitness": 1.050784823454531,
    "mean_fitness": 0.7265710085570075
}