{
    "best_fitness": 0.45318310656677924,
    "mean_fitness": 0.32527464097443665
}