{
    "best_fitness": 0.3855023235666923,
    "mean_fitness": 0.27878148122870244
}