{
    "best_fitness": 0.8007940585797398,
    "mean_fitness": 0.5324658742242319
}