{
    "best_fitness": 1.0054498855104592,
    "mean_fitness": 0.4039995388025059
}