{
    "best_fitness": 1.0379957076324102,
    "mean_fitness": 0.6740068044277717
}