{
    "best_fitness": 0.9326694032439742,
    "mean_fitness": 0.3849454168941303
}