{
    "best_fitness": 1.0491870889501067,
    "mean_fitness": 0.7409298059250421
}