{
    "best_fitness": 0.30540904610477504,
    "mean_fitness": 0.11394185704346489
}