{
    "best_fitness": 1.13465495662542,
    "mean_fitness": 0.4926318856249894
}