{
    "best_fitness": 1.1317986502448383,
    "mean_fitness": 0.4778102815683363
}