{
    "best_fitness": 0.7934705887363831,
    "mean_fitness": 0.22458063026929165
}