{
    "best_fitness": 1.116509112288044,
    "mean_fitness": 0.4555688625731286
}