{
    "best_fitness": 1.0800861890963818,
    "mean_fitness": 0.6717211035552594
}