{
    "best_fitness": 0.7896313100065185,
    "mean_fitness": 0.32684327841392635
}