{
    "best_fitness": 0.43650475482180584,
    "mean_fitness": 0.30765787206413925
}