{
    "best_fitness": 1.0384566861103508,
    "mean_fitness": 0.7325937690414461
}