{
    "best_fitness": 1.037988581619267,
    "mean_fitness": 0.6924984820013355
}