{
    "best_fitness": 0.8086263031378266,
    "mean_fitness": 0.32640516119748847
}