{
    "best_fitness": 1.058161529110983,
    "mean_fitness": 0.5245142007173635
}