{
    "best_fitness": 1.108150357586544,
    "mean_fitness": 0.5659709158111483
}