{
    "best_fitness": 0.29399218865734167,
    "mean_fitness": 0.06707764741427014
}