{
    "best_fitness": 0.4052105037827526,
    "mean_fitness": 0.2960912333993165
}