{
    "best_fitness": 0.35250736846787223,
    "mean_fitness": 0.14948528878069686
}