{
    "best_fitness": 1.0370547514847557,
    "mean_fitness": 0.699114929940623
}