{
    "best_fitness": 1.0505253573708824,
    "mean_fitness": 0.3716310966941638
}