{
    "best_fitness": 0.354700965167148,
    "mean_fitness": 0.25099574490359355
}