{
    "best_fitness": 2.523532478427053,
    "mean_fitness": 0.9835436583248127
}