{
    "best_fitness": 0.9541489716136557,
    "mean_fitness": 0.4120163570398402
}