{
    "best_fitness": 0.4366213633530147,
    "mean_fitness": 0.3093260882976541
}