{
    "best_fitness": 0.6197974649041023,
    "mean_fitness": 0.20969981216928207
}