{
    "best_fitness": 1.1370061241461882,
    "mean_fitness": 0.5045953206580046
}