{
    "best_fitness": 1.134786690169938,
    "mean_fitness": 0.4893477060498433
}