{
    "best_fitness": 1.280454647329272,
    "mean_fitness": 0.5539450020216333
}