{
    "best_fitness": 0.42076635197360623,
    "mean_fitness": 0.3020378117734448
}