{
    "best_fitness": 0.4955476076901688,
    "mean_fitness": 0.33146719467436936
}