{
    "best_fitness": 0.8683496711515917,
    "mean_fitness": 0.2726897552122662
}