{
    "best_fitness": 1.0469371181973375,
    "mean_fitness": 0.7472422504586239
}