{
    "best_fitness": 0.8792275370880931,
    "mean_fitness": 0.48662989960032343
}