{
    "best_fitness": 0.8668886673038784,
    "mean_fitness": 0.5305463554788472
}