{
    "best_fitness": 6.071685410574742,
    "mean_fitness": 2.662192736161071
}