{
    "best_fitness": 1.0498109085795904,
    "mean_fitness": 0.7076111257021195
}