{
    "best_fitness": 0.41185007384918804,
    "mean_fitness": 0.17527891917809493
}