{
    "best_fitness": 0.5218068726867535,
    "mean_fitness": 0.3545744747057057
}