{
    "best_fitness": 2.148069957081283,
    "mean_fitness": 0.8720089246601412
}