{
    "best_fitness": 2.5820434688301703,
    "mean_fitness": 0.9882275394129092
}