{
    "best_fitness": 0.8872232257092604,
    "mean_fitness": 0.3229461683590172
}