{
    "best_fitness": 1.2050282992162407,
    "mean_fitness": 0.4568532792952628
}