{
    "best_fitness": 0.8484249534151378,
    "mean_fitness": 0.5322211709666408
}