{
    "best_fitness": 0.4142129276843419,
    "mean_fitness": 0.3041964146492452
}