{
    "best_fitness": 0.47304775790567344,
    "mean_fitness": 0.32229505057359203
}