{
    "best_fitness": 6.273197170642659,
    "mean_fitness": 3.2509717803739524
}