{
    "best_fitness": 0.4102409623734146,
    "mean_fitness": 0.3042494042898638
}