{
    "best_fitness": 1.4114849147837392,
    "mean_fitness": 0.6754200092440742
}