{
    "best_fitness": 0.9471782051133212,
    "mean_fitness": 0.3996810805192404
}