{
    "best_fitness": 0.9352421936738472,
    "mean_fitness": 0.363105995633086
}