{
    "best_fitness": 0.46098914047090667,
    "mean_fitness": 0.3236443613004763
}