{
    "best_fitness": 1.0759050018773892,
    "mean_fitness": 0.4838629916911575
}