{
    "best_fitness": 1.2606061343410744,
    "mean_fitness": 0.5640401578962244
}