{
    "best_fitness": 1.115714769310897,
    "mean_fitness": 0.5784647898366764
}