{
    "best_fitness": 0.9752045991204137,
    "mean_fitness": 0.27102794662979984
}