{
    "best_fitness": 0.8517885738504976,
    "mean_fitness": 0.30929310039439034
}