{
    "best_fitness": 1.1583855601584436,
    "mean_fitness": 0.48038389755716127
}