{
    "best_fitness": 0.9515386537723993,
    "mean_fitness": 0.2914557874831269
}