{
    "best_fitness": 1.0368006939973415,
    "mean_fitness": 0.668008964530782
}