{
    "best_fitness": 1.0415008628454898,
    "mean_fitness": 0.752079864759299
}