{
    "best_fitness": 0.32421461676928637,
    "mean_fitness": 0.14761808062638676
}