{
    "best_fitness": 3.2825615202548417,
    "mean_fitness": 1.0162103519182508
}