{
    "best_fitness": 6.292817983583679,
    "mean_fitness": 3.177491578127452
}