{
    "best_fitness": 0.018370487883987836,
    "mean_fitness": 0.0029218772157221635
}