{
    "best_fitness": 6.032146628209346,
    "mean_fitness": 1.547761564758162
}