{
    "best_fitness": 1.0499937831618846,
    "mean_fitness": 0.46321352505749835
}