{
    "best_fitness": 5.994257125877367,
    "mean_fitness": 2.250127907496655
}