{
    "best_fitness": 0.019391684754998202,
    "mean_fitness": 0.002874778794305719
}