{
    "best_fitness": 0.9008964523889457,
    "mean_fitness": 0.3324117134567071
}