{
    "best_fitness": 1.04171076623796,
    "mean_fitness": 0.7266268984607952
}