{
    "best_fitness": 1.047996916702096,
    "mean_fitness": 0.5090229759882261
}