{
    "best_fitness": 1.0925101651217257,
    "mean_fitness": 0.5037060851229319
}