{
    "best_fitness": 0.8634561888437083,
    "mean_fitness": 0.33351274435227246
}