{
    "best_fitness": 1.1750433225911034,
    "mean_fitness": 0.5856568544363143
}