{
    "best_fitness": 0.31546815871050443,
    "mean_fitness": 0.12809909105171147
}