{
    "best_fitness": 1.1279422785217972,
    "mean_fitness": 0.445181335944268
}