{
    "best_fitness": 0.38604749424592194,
    "mean_fitness": 0.07354769564838667
}