{
    "best_fitness": 0.4197566468142529,
    "mean_fitness": 0.3056298601438159
}