{
    "best_fitness": 0.3705067713232013,
    "mean_fitness": 0.26787189500496233
}