{
    "best_fitness": 0.09906584577582382,
    "mean_fitness": 0.004947416436298891
}