{
    "best_fitness": 0.7228691118776914,
    "mean_fitness": 0.20586730780191564
}