{
    "best_fitness": 6.183597559990817,
    "mean_fitness": 3.061033051973633
}