{
    "best_fitness": 1.1267705242665362,
    "mean_fitness": 0.5728275363553672
}