{
    "best_fitness": 1.022522120418522,
    "mean_fitness": 0.44261582965131285
}