{
    "best_fitness": 1.1880513871453622,
    "mean_fitness": 0.45729229820239536
}