{
    "best_fitness": 0.5078015653376755,
    "mean_fitness": 0.3619478874685102
}