{
    "best_fitness": 6.00914426756369,
    "mean_fitness": 2.366926711900649
}