{
    "best_fitness": 0.42637758947026083,
    "mean_fitness": 0.30320333146098893
}