{
    "best_fitness": 1.2489876935472368,
    "mean_fitness": 0.5767168863315741
}