{
    "best_fitness": 0.5069097753591957,
    "mean_fitness": 0.3555799274394348
}