{
    "best_fitness": 1.1556442035710797,
    "mean_fitness": 0.5699335142315951
}