{
    "best_fitness": 0.32661813736280026,
    "mean_fitness": 0.1203175697099249
}