{
    "best_fitness": 0.3685851122958594,
    "mean_fitness": 0.27982769668018903
}