{
    "best_fitness": 1.0917677625246467,
    "mean_fitness": 0.4826348302381714
}