{
    "best_fitness": 1.1359817661532514,
    "mean_fitness": 0.4944947124183799
}