{
    "best_fitness": 0.23597411947960434,
    "mean_fitness": 0.0321100487180473
}