{
    "best_fitness": 6.330669994953097,
    "mean_fitness": 3.2338613282761943
}