{
    "best_fitness": 1.1225769848513023,
    "mean_fitness": 0.4751822373454569
}