{
    "best_fitness": 6.23121763895224,
    "mean_fitness": 2.9465692676292075
}