{
    "best_fitness": 1.0754785752288258,
    "mean_fitness": 0.5338556964841803
}