{
    "best_fitness": 5.851324532906636,
    "mean_fitness": 1.4596846188087056
}