{
    "best_fitness": 0.9631564198331861,
    "mean_fitness": 0.406149013679124
}