{
    "best_fitness": 1.0168591005664425,
    "mean_fitness": 0.6704392105946181
}