{
    "best_fitness": 0.022426544742402826,
    "mean_fitness": 0.0028996786341617823
}