{
    "best_fitness": 0.8392620976891296,
    "mean_fitness": 0.4854265605009088
}