{
    "best_fitness": 0.8322501694846959,
    "mean_fitness": 0.29877539423484223
}