{
    "best_fitness": 0.38280370335982034,
    "mean_fitness": 0.2779976009953583
}