{
    "best_fitness": 0.7006513597555335,
    "mean_fitness": 0.24451681153061616
}