{
    "best_fitness": 5.04159448910182,
    "mean_fitness": 0.9742028729777343
}