{
    "best_fitness": 0.0183353241001777,
    "mean_fitness": 0.0035581870757726724
}