{
    "best_fitness": 3.420818656669559,
    "mean_fitness": 1.0664258161236893
}