{
    "best_fitness": 0.41929083597857114,
    "mean_fitness": 0.3058998100683375
}