{
    "best_fitness": 0.9279500375136013,
    "mean_fitness": 0.3458879456476894
}