{
    "best_fitness": 1.1064759275244547,
    "mean_fitness": 0.5312606998948886
}