{
    "best_fitness": 1.0766038313846311,
    "mean_fitness": 0.4584968768164316
}