{
    "best_fitness": 1.0381428310043614,
    "mean_fitness": 0.6870563466689645
}