{
    "best_fitness": 0.9392617296879874,
    "mean_fitness": 0.5486638414477111
}