{
    "best_fitness": 0.6628524440156289,
    "mean_fitness": 0.2103208321064588
}