{
    "best_fitness": 6.19766692726574,
    "mean_fitness": 2.6723661824206517
}