{
    "best_fitness": 0.4003919588043088,
    "mean_fitness": 0.2835479360138438
}