{
    "best_fitness": 6.291147168084157,
    "mean_fitness": 1.101240972860904
}