{
    "best_fitness": 0.5465468682613739,
    "mean_fitness": 0.1643149065480884
}