{
    "best_fitness": 0.5176555970895885,
    "mean_fitness": 0.3681584115232384
}