{
    "best_fitness": 0.4903400474570298,
    "mean_fitness": 0.3354241130290393
}