{
    "best_fitness": 0.8811148933804966,
    "mean_fitness": 0.5324344940804469
}