{
    "best_fitness": 1.7133542065263512,
    "mean_fitness": 0.9623418161207327
}