{
    "best_fitness": 0.828897317949216,
    "mean_fitness": 0.3095575314061221
}