{
    "best_fitness": 0.9736646049099085,
    "mean_fitness": 0.6257890757315734
}