{
    "best_fitness": 0.5182177269057106,
    "mean_fitness": 0.17372440570462352
}