{
    "best_fitness": 0.9139807561067096,
    "mean_fitness": 0.5343403023829459
}