{
    "best_fitness": 0.839443482637355,
    "mean_fitness": 0.5261804718634021
}