{
    "best_fitness": 0.8972120425059891,
    "mean_fitness": 0.5364995828743425
}