{
    "best_fitness": 0.4107161290876515,
    "mean_fitness": 0.2905219620689975
}