{
    "best_fitness": 0.9039161079413337,
    "mean_fitness": 0.3023753549052041
}