{
    "best_fitness": 0.6634231808901871,
    "mean_fitness": 0.14250485459828238
}