{
    "best_fitness": 1.1168120921381643,
    "mean_fitness": 0.5544780402243141
}