{
    "best_fitness": 0.35034323726928834,
    "mean_fitness": 0.18473614067474137
}