{
    "best_fitness": 6.302614927394884,
    "mean_fitness": 3.25712243389369
}