{
    "best_fitness": 0.9626324992191275,
    "mean_fitness": 0.5407848014864729
}