{
    "best_fitness": 1.021086185936969,
    "mean_fitness": 0.6761923532487006
}