{
    "best_fitness": 0.48246946844919836,
    "mean_fitness": 0.33226159008882056
}