{
    "best_fitness": 6.182787773342621,
    "mean_fitness": 2.7641998195989443
}