{
    "best_fitness": 1.1918312493748893,
    "mean_fitness": 0.4395015926463709
}