{
    "best_fitness": 1.0307942800447374,
    "mean_fitness": 0.6689402999037909
}