{
    "best_fitness": 0.5587171409968245,
    "mean_fitness": 0.3667624421770168
}