{
    "best_fitness": 0.35392338726723527,
    "mean_fitness": 0.18917233534357225
}