{
    "best_fitness": 0.38923392801833967,
    "mean_fitness": 0.28195756505172875
}