{
    "best_fitness": 0.4997790079405149,
    "mean_fitness": 0.3591017100540462
}