{
    "best_fitness": 0.864759958474522,
    "mean_fitness": 0.31303577579006286
}