{
    "best_fitness": 0.5261844185333777,
    "mean_fitness": 0.35837948567773764
}