{
    "best_fitness": 0.40517704101572116,
    "mean_fitness": 0.3016086226149695
}