{
    "best_fitness": 1.115116091724817,
    "mean_fitness": 0.49464978394160686
}