{
    "best_fitness": 1.0355033013650186,
    "mean_fitness": 0.6646842042040364
}