{
    "best_fitness": 1.0469815493960781,
    "mean_fitness": 0.6893611736934624
}