{
    "best_fitness": 1.260752595707968,
    "mean_fitness": 0.5695262881458856
}