{
    "best_fitness": 0.8955661600724268,
    "mean_fitness": 0.533327224261046
}