{
    "best_fitness": 1.0828451334589222,
    "mean_fitness": 0.4937274080024865
}