{
    "best_fitness": 0.39096215624519387,
    "mean_fitness": 0.27128712070473465
}