{
    "best_fitness": 1.0345680114623945,
    "mean_fitness": 0.6915812879636462
}