{
    "best_fitness": 0.3728643161538987,
    "mean_fitness": 0.2789132188340053
}