{
    "best_fitness": 1.0792859248230855,
    "mean_fitness": 0.5241581752891491
}