{
    "best_fitness": 0.9266667619477037,
    "mean_fitness": 0.5272042193508891
}