{
    "best_fitness": 0.41983590229118534,
    "mean_fitness": 0.30686729942844343
}