{
    "best_fitness": 1.019418910669583,
    "mean_fitness": 0.6420744927680755
}