{
    "best_fitness": 1.7133542065263512,
    "mean_fitness": 0.9484832822050538
}