{
    "best_fitness": 1.1079748226429693,
    "mean_fitness": 0.5136111515221226
}