{
    "best_fitness": 1.2383999068477436,
    "mean_fitness": 0.4999868351534297
}