{
    "best_fitness": 0.3879557887147197,
    "mean_fitness": 0.11943995989192029
}