{
    "best_fitness": 0.8182820647721847,
    "mean_fitness": 0.49176166070321686
}