{
    "best_fitness": 6.023619167481807,
    "mean_fitness": 2.5198430595889225
}