{
    "best_fitness": 0.8850579453030051,
    "mean_fitness": 0.38125466482316167
}