{
    "best_fitness": 6.313137321853343,
    "mean_fitness": 3.2739929150137006
}