{
    "best_fitness": 1.040764238054595,
    "mean_fitness": 0.7097958929701751
}