{
    "best_fitness": 1.0347331031077236,
    "mean_fitness": 0.6981129780360648
}