{
    "best_fitness": 1.5181310548753333,
    "mean_fitness": 0.31340722572752944
}