{
    "best_fitness": 0.28905671052514165,
    "mean_fitness": 0.1076512995473991
}