{
    "best_fitness": 1.2375784905700702,
    "mean_fitness": 0.5476878860697518
}