{
    "best_fitness": 0.7440843073607959,
    "mean_fitness": 0.31555138031036967
}