{
    "best_fitness": 1.2042083072752203,
    "mean_fitness": 0.5424566600050091
}