{
    "best_fitness": 0.8994228398253215,
    "mean_fitness": 0.5074637216955531
}