{
    "best_fitness": 0.502054735202051,
    "mean_fitness": 0.3554720172281042
}