{
    "best_fitness": 1.2707352332765853,
    "mean_fitness": 0.5596285602209782
}