{
    "best_fitness": 0.019171446871933066,
    "mean_fitness": 0.003391661672154271
}