{
    "best_fitness": 0.9432262847517578,
    "mean_fitness": 0.5399155229900947
}