{
    "best_fitness": 0.6863074491464575,
    "mean_fitness": 0.11082654213248093
}