{
    "best_fitness": 0.37777577480175906,
    "mean_fitness": 0.2814265285153244
}