{
    "best_fitness": 1.0894705330847698,
    "mean_fitness": 0.4668171077079444
}