{
    "best_fitness": 5.004365416315598,
    "mean_fitness": 1.0985421220934954
}