{
    "best_fitness": 1.032290017985205,
    "mean_fitness": 0.5278792478257738
}