{
    "best_fitness": 0.4164266322567241,
    "mean_fitness": 0.2873088314089227
}