{
    "best_fitness": 0.7219639561471526,
    "mean_fitness": 0.21714762174862942
}