{
    "best_fitness": 0.9302520118533952,
    "mean_fitness": 0.4152908092798363
}