{
    "best_fitness": 0.41045277832852683,
    "mean_fitness": 0.29618966529754526
}