{
    "best_fitness": 1.0523128603003244,
    "mean_fitness": 0.4997673162666542
}