{
    "best_fitness": 1.1817217629071273,
    "mean_fitness": 0.5485968924980326
}