{
    "best_fitness": 0.9369141700556508,
    "mean_fitness": 0.4520318368402955
}