{
    "best_fitness": 6.305189039234143,
    "mean_fitness": 2.7946992504623376
}