{
    "best_fitness": 1.0293518342021828,
    "mean_fitness": 0.4463573340607481
}