{
    "best_fitness": 1.1641017281614052,
    "mean_fitness": 0.5370054057444157
}