{
    "best_fitness": 1.1671724797527403,
    "mean_fitness": 0.46927772785580746
}