{
    "best_fitness": 1.1513036303524444,
    "mean_fitness": 0.5751571891203339
}