{
    "best_fitness": 0.5114987215089517,
    "mean_fitness": 0.3597246079943956
}