{
    "best_fitness": 1.1134160778011895,
    "mean_fitness": 0.47149044061243045
}