{
    "best_fitness": 1.2366134312836614,
    "mean_fitness": 0.5858168763124872
}