{
    "best_fitness": 0.5252240168648304,
    "mean_fitness": 0.36842515409573173
}