{
    "best_fitness": 1.1766076950433761,
    "mean_fitness": 0.5826724208071347
}