{
    "best_fitness": 1.0219752727606495,
    "mean_fitness": 0.6513643910007861
}