{
    "best_fitness": 6.260108358959815,
    "mean_fitness": 3.2381483814138985
}