{
    "best_fitness": 0.36683940220721334,
    "mean_fitness": 0.28502405609914605
}