{
    "best_fitness": 1.0459515137458153,
    "mean_fitness": 0.700776993132965
}