{
    "best_fitness": 0.9310455612009284,
    "mean_fitness": 0.37257350777493403
}