{
    "best_fitness": 1.0390404552752426,
    "mean_fitness": 0.7167065658878515
}