{
    "best_fitness": 1.2274695402997806,
    "mean_fitness": 0.5827548101033052
}