{
    "best_fitness": 0.5302151855251366,
    "mean_fitness": 0.3561199136993067
}