{
    "best_fitness": 5.964853037138169,
    "mean_fitness": 2.4334418617930176
}