{
    "best_fitness": 0.9197724585901096,
    "mean_fitness": 0.39420342384319684
}