{
    "best_fitness": 1.0313167976911952,
    "mean_fitness": 0.48705535751886064
}