{
    "best_fitness": 0.920474377108979,
    "mean_fitness": 0.51217066988521
}