{
    "best_fitness": 0.29717367328710326,
    "mean_fitness": 0.09760838255984682
}