{
    "best_fitness": 0.42981905862115516,
    "mean_fitness": 0.30150260954523656
}