{
    "best_fitness": 0.8633908630901023,
    "mean_fitness": 0.30091659590305664
}