{
    "best_fitness": 0.4731185711941438,
    "mean_fitness": 0.3179669077153504
}