{
    "best_fitness": 1.1249428100394945,
    "mean_fitness": 0.49104303211283246
}