{
    "best_fitness": 1.1695668398300971,
    "mean_fitness": 0.5351594779711867
}