{
    "best_fitness": 1.160601094938469,
    "mean_fitness": 0.4878578902235377
}