{
    "best_fitness": 0.9631722249085722,
    "mean_fitness": 0.3446663106615697
}