{
    "best_fitness": 0.8223067478864678,
    "mean_fitness": 0.5294394307567772
}