{
    "best_fitness": 0.8633826394876283,
    "mean_fitness": 0.5402161364441325
}