{
    "best_fitness": 0.025718649699781625,
    "mean_fitness": 0.0027352685542104153
}