{
    "best_fitness": 0.9739453179137965,
    "mean_fitness": 0.407041066408043
}