{
    "best_fitness": 0.309629119501913,
    "mean_fitness": 0.14997788297234121
}