{
    "best_fitness": 0.3145851716439558,
    "mean_fitness": 0.12965420979198067
}