{
    "best_fitness": 0.8495466528206874,
    "mean_fitness": 0.33626614820948525
}