{
    "best_fitness": 1.0427715788775413,
    "mean_fitness": 0.7497298691948036
}