{
    "best_fitness": 0.359826327870799,
    "mean_fitness": 0.21689247814779883
}