{
    "best_fitness": 1.1409699211642301,
    "mean_fitness": 0.5349115999094509
}