{
    "best_fitness": 0.8216755012791256,
    "mean_fitness": 0.2723054906146123
}