{
    "best_fitness": 0.31004042682742133,
    "mean_fitness": 0.09600190069973866
}