{
    "best_fitness": 6.353447375513404,
    "mean_fitness": 3.241522370690029
}