{
    "best_fitness": 0.4121899712323482,
    "mean_fitness": 0.20985530380569872
}