{
    "best_fitness": 0.43433552010841553,
    "mean_fitness": 0.30452045801078437
}