{
    "best_fitness": 0.40604365985064067,
    "mean_fitness": 0.2969942315560877
}