{
    "best_fitness": 0.8894167131305947,
    "mean_fitness": 0.3203024589531249
}