{
    "best_fitness": 4.26132741243507,
    "mean_fitness": 1.1065165025804935
}