{
    "best_fitness": 0.38787388220156577,
    "mean_fitness": 0.2911646197641759
}