{
    "best_fitness": 0.8138719512451752,
    "mean_fitness": 0.2915309033883229
}