{
    "best_fitness": 0.3903737777395065,
    "mean_fitness": 0.2284327266785791
}