{
    "best_fitness": 1.1591171458337606,
    "mean_fitness": 0.5585209599584857
}