{
    "best_fitness": 0.992719251106871,
    "mean_fitness": 0.430661172537304
}