{
    "best_fitness": 0.42675073747120273,
    "mean_fitness": 0.305987839067931
}