{
    "best_fitness": 1.0392813926251636,
    "mean_fitness": 0.3989843605072964
}