{
    "best_fitness": 1.0338499933254017,
    "mean_fitness": 0.6649754412773564
}