{
    "best_fitness": 0.7382265150596662,
    "mean_fitness": 0.3145719495166403
}