{
    "best_fitness": 0.8128933425430295,
    "mean_fitness": 0.311889094142697
}