{
    "best_fitness": 1.0480943679281696,
    "mean_fitness": 0.7596080960739208
}