{
    "best_fitness": 2.4456003663053334,
    "mean_fitness": 0.9267329042469428
}