{
    "best_fitness": 0.5171110494923508,
    "mean_fitness": 0.3590592923759923
}