{
    "best_fitness": 1.2777345432156113,
    "mean_fitness": 0.5460650458853832
}