{
    "best_fitness": 1.1249985182044728,
    "mean_fitness": 0.5342860767559028
}