{
    "best_fitness": 0.5277330502495984,
    "mean_fitness": 0.36835984282693585
}