{
    "best_fitness": 0.41559330371795317,
    "mean_fitness": 0.30184287926469555
}