{
    "best_fitness": 0.9651343883056455,
    "mean_fitness": 0.32903029238569753
}