{
    "best_fitness": 0.4493428764453567,
    "mean_fitness": 0.312898250410252
}