{
    "best_fitness": 0.5686499678028474,
    "mean_fitness": 0.15832311845011665
}