{
    "best_fitness": 1.0747719626336283,
    "mean_fitness": 0.45613865420457733
}