{
    "best_fitness": 1.185385760260661,
    "mean_fitness": 0.5434929711191021
}