{
    "best_fitness": 0.20539243462510381,
    "mean_fitness": 0.011825640484045224
}