{
    "best_fitness": 0.6117626482720933,
    "mean_fitness": 0.1913771031038351
}