{
    "best_fitness": 6.222460767755769,
    "mean_fitness": 2.8036563672314263
}