{
    "best_fitness": 1.2036381001810668,
    "mean_fitness": 0.5156534694788952
}