{
    "best_fitness": 0.9165798797449155,
    "mean_fitness": 0.38725499095094346
}