{
    "best_fitness": 0.5112743494973687,
    "mean_fitness": 0.3644451380389703
}