{
    "best_fitness": 1.0247987728477885,
    "mean_fitness": 0.6721080638803388
}