{
    "best_fitness": 1.103978193810817,
    "mean_fitness": 0.5453329050118021
}