{
    "best_fitness": 0.3523441918786457,
    "mean_fitness": 0.24908379801224537
}