{
    "best_fitness": 6.185443474046038,
    "mean_fitness": 2.772138975040169
}