{
    "best_fitness": 1.0111973988625893,
    "mean_fitness": 0.38064506250626423
}