{
    "best_fitness": 0.8484592754094344,
    "mean_fitness": 0.3131444952305882
}