{
    "best_fitness": 0.5032874277936594,
    "mean_fitness": 0.34426270530926584
}