{
    "best_fitness": 1.0467877105318695,
    "mean_fitness": 0.7615945145032333
}