{
    "best_fitness": 1.0212365145901312,
    "mean_fitness": 0.6389797895012295
}