{
    "best_fitness": 0.8743127990167409,
    "mean_fitness": 0.33792034774427315
}