{
    "best_fitness": 6.026881126705904,
    "mean_fitness": 2.7062300828408143
}