{
    "best_fitness": 0.28875398039829214,
    "mean_fitness": 0.07669845388349543
}