{
    "best_fitness": 1.0790064146927636,
    "mean_fitness": 0.5808103752455283
}