{
    "best_fitness": 0.9631696636964342,
    "mean_fitness": 0.5454457356603641
}