{
    "best_fitness": 6.267681264738154,
    "mean_fitness": 2.944465290979022
}