{
    "best_fitness": 6.154739643134939,
    "mean_fitness": 2.6803550470429163
}