{
    "best_fitness": 1.1731881380168687,
    "mean_fitness": 0.5300571842010763
}