{
    "best_fitness": 0.8865731873710677,
    "mean_fitness": 0.5082986664700833
}