{
    "best_fitness": 1.1908723962175942,
    "mean_fitness": 0.5014146045740137
}