{
    "best_fitness": 1.0279977337773185,
    "mean_fitness": 0.6569759563015438
}