{
    "best_fitness": 0.5247626527919989,
    "mean_fitness": 0.35786521973503677
}