{
    "best_fitness": 0.4593458168982621,
    "mean_fitness": 0.3157962105275915
}