{
    "best_fitness": 0.9925928252497587,
    "mean_fitness": 0.5926930551036735
}