{
    "best_fitness": 1.0111292421370344,
    "mean_fitness": 0.43196449967341904
}