{
    "best_fitness": 1.0523065640417948,
    "mean_fitness": 0.705095584956528
}