{
    "best_fitness": 1.105981847429075,
    "mean_fitness": 0.497760535685823
}