{
    "best_fitness": 1.0205979313186215,
    "mean_fitness": 0.6659190139680748
}