{
    "best_fitness": 1.022307118713557,
    "mean_fitness": 0.6701312004949539
}