{
    "best_fitness": 1.078798147380052,
    "mean_fitness": 0.4805511569589506
}