{
    "best_fitness": 0.9666829875061683,
    "mean_fitness": 0.3439326143174452
}