{
    "best_fitness": 1.1356933782709695,
    "mean_fitness": 0.48257522380753215
}