{
    "best_fitness": 0.43047346555290666,
    "mean_fitness": 0.31058591089551324
}