{
    "best_fitness": 0.9080076346721341,
    "mean_fitness": 0.36019646654394694
}