{
    "best_fitness": 1.0328492380552565,
    "mean_fitness": 0.683225636160454
}