{
    "best_fitness": 1.1000377135944903,
    "mean_fitness": 0.5016212894855013
}