{
    "best_fitness": 1.0459839596999176,
    "mean_fitness": 0.7460487573915929
}