{
    "best_fitness": 0.43349447828744275,
    "mean_fitness": 0.29894008715533277
}