{
    "best_fitness": 1.1205515356086908,
    "mean_fitness": 0.5544537665252939
}