{
    "best_fitness": 0.5907463088383972,
    "mean_fitness": 0.23870675838839847
}