{
    "best_fitness": 1.0881857209435717,
    "mean_fitness": 0.47762229491358577
}