{
    "best_fitness": 0.7649278580775268,
    "mean_fitness": 0.19655896906095716
}