{
    "best_fitness": 6.228357394252944,
    "mean_fitness": 2.8929772843048376
}