{
    "best_fitness": 0.3555193397082665,
    "mean_fitness": 0.24398089056051572
}