{
    "best_fitness": 6.2748315604040545,
    "mean_fitness": 3.2239399589727262
}