{
    "best_fitness": 0.8818883909353856,
    "mean_fitness": 0.5469748665353056
}