{
    "best_fitness": 0.51737686102133,
    "mean_fitness": 0.14920012796240986
}