{
    "best_fitness": 0.8883641710170749,
    "mean_fitness": 0.32239313097192823
}