{
    "best_fitness": 0.8331095499609183,
    "mean_fitness": 0.272124594521949
}