{
    "best_fitness": 6.174621232200641,
    "mean_fitness": 2.696028087685665
}