{
    "best_fitness": 1.0414955495081237,
    "mean_fitness": 0.7247974974722682
}