{
    "best_fitness": 0.4393794534948188,
    "mean_fitness": 0.31054585040213284
}