{
    "best_fitness": 0.019247044298403706,
    "mean_fitness": 0.002945338213382303
}