{
    "best_fitness": 0.8852270624751905,
    "mean_fitness": 0.3632056418379301
}