{
    "best_fitness": 2.4646003963876733,
    "mean_fitness": 0.8266761728354068
}