{
    "best_fitness": 0.37323601287839847,
    "mean_fitness": 0.2243754131505651
}