{
    "best_fitness": 0.3217314764393944,
    "mean_fitness": 0.1322076018444619
}