{
    "best_fitness": 6.306568506150939,
    "mean_fitness": 3.121681299307329
}