{
    "best_fitness": 1.2088066596141478,
    "mean_fitness": 0.5989281530021885
}