{
    "best_fitness": 1.0947927740846455,
    "mean_fitness": 0.3096108857588218
}