{
    "best_fitness": 1.0204142332553923,
    "mean_fitness": 0.6706558199335937
}