{
    "best_fitness": 1.2703561250828865,
    "mean_fitness": 0.6428484431567477
}