{
    "best_fitness": 1.2228004776148376,
    "mean_fitness": 0.5267028340777001
}