{
    "best_fitness": 2.79350509371489,
    "mean_fitness": 1.0118738152982867
}