{
    "best_fitness": 6.33045339269589,
    "mean_fitness": 3.2565065421062487
}