{
    "best_fitness": 6.0398691525171975,
    "mean_fitness": 2.49309252006574
}