{
    "best_fitness": 6.038586287537837,
    "mean_fitness": 2.587021587387363
}