{
    "best_fitness": 5.557444692820574,
    "mean_fitness": 1.123064250679032
}