{
    "best_fitness": 0.37707155202424775,
    "mean_fitness": 0.15455409591669877
}