{
    "best_fitness": 0.801045747250429,
    "mean_fitness": 0.2303748590386227
}