{
    "best_fitness": 5.960412214025631,
    "mean_fitness": 2.1172606168370476
}