{
    "best_fitness": 0.9273603143889735,
    "mean_fitness": 0.3578307529220108
}