{
    "best_fitness": 0.720764945477236,
    "mean_fitness": 0.2231806143074128
}