{
    "best_fitness": 6.189537280988762,
    "mean_fitness": 3.0292611174103987
}