{
    "best_fitness": 0.8386366736468254,
    "mean_fitness": 0.26986813500993273
}