{
    "best_fitness": 6.325993536755308,
    "mean_fitness": 3.3219422479953358
}