{
    "best_fitness": 0.8731604304044122,
    "mean_fitness": 0.43600715579572813
}