{
    "best_fitness": 0.9344068363496759,
    "mean_fitness": 0.5229386909151708
}