{
    "best_fitness": 1.153739287802328,
    "mean_fitness": 0.43802839158050333
}