{
    "best_fitness": 0.9057063393579424,
    "mean_fitness": 0.524024802239042
}