{
    "best_fitness": 0.8633621053632623,
    "mean_fitness": 0.48032323861072934
}