{
    "best_fitness": 0.9977381025590621,
    "mean_fitness": 0.5462353552703807
}