{
    "best_fitness": 1.1234483338362098,
    "mean_fitness": 0.5342181258191251
}