{
    "best_fitness": 0.39216052632101195,
    "mean_fitness": 0.29009193333205086
}