{
    "best_fitness": 0.4867977813602873,
    "mean_fitness": 0.33746361689603843
}