{
    "best_fitness": 0.9724736754002845,
    "mean_fitness": 0.31564569736399495
}