{
    "best_fitness": 1.0971676228980627,
    "mean_fitness": 0.52880511610541
}