{
    "best_fitness": 1.0473647762385467,
    "mean_fitness": 0.7251788412195838
}