{
    "best_fitness": 1.123745651002333,
    "mean_fitness": 0.5334664565057576
}