{
    "best_fitness": 3.6538128081364185,
    "mean_fitness": 0.9878386153769655
}