{
    "best_fitness": 0.40811338567147465,
    "mean_fitness": 0.29360535863363096
}