{
    "best_fitness": 0.6944531732052386,
    "mean_fitness": 0.20989841048368288
}