{
    "best_fitness": 1.0335493198398005,
    "mean_fitness": 0.5067137644997504
}