{
    "best_fitness": 0.42518834378598513,
    "mean_fitness": 0.30420965124937666
}