{
    "best_fitness": 0.5150668543500668,
    "mean_fitness": 0.3584164209688404
}