{
    "best_fitness": 1.0625228256254475,
    "mean_fitness": 0.46418602589433366
}