{
    "best_fitness": 6.31784779371126,
    "mean_fitness": 3.2436022505565774
}