{
    "best_fitness": 1.2166200918348633,
    "mean_fitness": 0.5110323812282563
}