{
    "best_fitness": 0.7414989516530784,
    "mean_fitness": 0.22892632626604034
}