{
    "best_fitness": 0.40429139404484565,
    "mean_fitness": 0.3019622304414523
}