{
    "best_fitness": 0.5207104967960277,
    "mean_fitness": 0.3519383965705929
}