{
    "best_fitness": 3.3063201836406146,
    "mean_fitness": 1.0781143638142434
}