{
    "best_fitness": 0.8792001858082472,
    "mean_fitness": 0.3541688721620513
}