{
    "best_fitness": 1.052105152235202,
    "mean_fitness": 0.7706515970180897
}