{
    "best_fitness": 0.36430090962119255,
    "mean_fitness": 0.19257442342363296
}