{
    "best_fitness": 4.507076747658196,
    "mean_fitness": 1.0746096856292662
}