{
    "best_fitness": 1.1133876272465784,
    "mean_fitness": 0.4966972684239706
}