{
    "best_fitness": 0.962249973048845,
    "mean_fitness": 0.2928560376903538
}