{
    "best_fitness": 1.1354129902137717,
    "mean_fitness": 0.50417317842553
}