{
    "best_fitness": 0.43760280348058717,
    "mean_fitness": 0.3092938725488949
}