{
    "best_fitness": 0.3638228720348049,
    "mean_fitness": 0.16205773635697668
}