{
    "best_fitness": 0.3582689687415859,
    "mean_fitness": 0.2587784002014225
}