{
    "best_fitness": 0.2484855374582721,
    "mean_fitness": 0.06241775830691591
}