{
    "best_fitness": 1.1095301383853415,
    "mean_fitness": 0.4755633192987727
}