{
    "best_fitness": 1.0590660870707782,
    "mean_fitness": 0.4624067518026343
}