{
    "best_fitness": 6.260620799614109,
    "mean_fitness": 3.2144733594466217
}