{
    "best_fitness": 5.308048028484317,
    "mean_fitness": 1.131520784548486
}