{
    "best_fitness": 1.218553370072508,
    "mean_fitness": 0.5071012026683028
}