{
    "best_fitness": 0.7894609128175253,
    "mean_fitness": 0.30998941296635946
}