{
    "best_fitness": 0.9348162220458041,
    "mean_fitness": 0.36862634428507346
}