{
    "best_fitness": 1.039327182582133,
    "mean_fitness": 0.6978094608074837
}