{
    "best_fitness": 0.5224836335295913,
    "mean_fitness": 0.3595206317692687
}