{
    "best_fitness": 6.251338991402674,
    "mean_fitness": 3.0133918215838866
}