{
    "best_fitness": 1.0263049881621877,
    "mean_fitness": 0.6721681249302562
}