{
    "best_fitness": 0.3516020487822047,
    "mean_fitness": 0.2440850718709481
}