{
    "best_fitness": 0.6560856354859532,
    "mean_fitness": 0.3088141352883642
}