{
    "best_fitness": 1.1411069324719574,
    "mean_fitness": 0.5459968775768839
}