{
    "best_fitness": 0.33280930381516133,
    "mean_fitness": 0.13212473882530865
}