{
    "best_fitness": 0.4997604351127338,
    "mean_fitness": 0.35814786147821476
}