{
    "best_fitness": 0.902856108852738,
    "mean_fitness": 0.5227060617064128
}