{
    "best_fitness": 0.48718396526756014,
    "mean_fitness": 0.340860564128843
}