{
    "best_fitness": 0.9117245754625632,
    "mean_fitness": 0.36627693961391045
}