{
    "best_fitness": 1.0777443630920374,
    "mean_fitness": 0.46670267286097317
}