{
    "best_fitness": 0.5005596932086847,
    "mean_fitness": 0.34412709427530047
}