{
    "best_fitness": 0.423991355921484,
    "mean_fitness": 0.3053027901288324
}