{
    "best_fitness": 1.0249042501617154,
    "mean_fitness": 0.6806264956634935
}