{
    "best_fitness": 1.0233965267382497,
    "mean_fitness": 0.40338442808138897
}