{
    "best_fitness": 0.3510064792282204,
    "mean_fitness": 0.2365786467605319
}