{
    "best_fitness": 0.952368871523089,
    "mean_fitness": 0.3717722503821357
}