{
    "best_fitness": 0.9253937938894927,
    "mean_fitness": 0.3528191147058889
}