{
    "best_fitness": 1.033836039947855,
    "mean_fitness": 0.6829375577311909
}