{
    "best_fitness": 1.209147390683404,
    "mean_fitness": 0.5645081505550618
}