{
    "best_fitness": 1.2020021504427814,
    "mean_fitness": 0.5446206908012198
}