{
    "best_fitness": 0.25808980007790083,
    "mean_fitness": 0.02459159596535441
}