{
    "best_fitness": 1.2027086999658454,
    "mean_fitness": 0.6485138631158713
}