{
    "best_fitness": 1.0566286324585308,
    "mean_fitness": 0.5141107698174446
}