{
    "best_fitness": 2.6312083847629726,
    "mean_fitness": 0.9857232937196556
}