{
    "best_fitness": 0.9336810727982227,
    "mean_fitness": 0.34494638694527496
}