{
    "best_fitness": 0.5231187124172897,
    "mean_fitness": 0.36702053431378906
}