{
    "best_fitness": 1.1465117558664994,
    "mean_fitness": 0.4014661946736514
}