{
    "best_fitness": 6.174277596955257,
    "mean_fitness": 2.765613308200993
}