{
    "best_fitness": 1.1651208307438834,
    "mean_fitness": 0.5065826681762278
}