{
    "best_fitness": 1.0412147833928838,
    "mean_fitness": 0.7059294595600617
}