{
    "best_fitness": 1.004423400785524,
    "mean_fitness": 0.6140721360185436
}