{
    "best_fitness": 0.8368190145096921,
    "mean_fitness": 0.32311316883919944
}