{
    "best_fitness": 0.886898831939514,
    "mean_fitness": 0.5332528931921144
}