{
    "best_fitness": 3.5924498250006094,
    "mean_fitness": 1.091343502438362
}