{
    "best_fitness": 1.0504299603472331,
    "mean_fitness": 0.7013709943259393
}