{
    "best_fitness": 0.3168118690920473,
    "mean_fitness": 0.12921889732912878
}