{
    "best_fitness": 1.0318195513744064,
    "mean_fitness": 0.694083863907639
}