{
    "best_fitness": 0.8264037132270827,
    "mean_fitness": 0.32783859361380285
}