{
    "best_fitness": 0.8817297317925507,
    "mean_fitness": 0.5364309934494664
}