{
    "best_fitness": 0.36529753327208947,
    "mean_fitness": 0.2442245368570013
}