{
    "best_fitness": 1.0541603119754752,
    "mean_fitness": 0.7488474267132235
}