{
    "best_fitness": 1.047518007209684,
    "mean_fitness": 0.7265850540225589
}