{
    "best_fitness": 0.47953201567099496,
    "mean_fitness": 0.3142854617621896
}