{
    "best_fitness": 0.43711175795028845,
    "mean_fitness": 0.30637540605549246
}