{
    "best_fitness": 0.021123095362028763,
    "mean_fitness": 0.0027297192909502945
}