{
    "best_fitness": 0.7239184244521026,
    "mean_fitness": 0.32677285286783064
}