{
    "best_fitness": 0.5016158245046559,
    "mean_fitness": 0.34960796083866513
}