{
    "best_fitness": 1.0860829909676792,
    "mean_fitness": 0.5202259400640573
}