{
    "best_fitness": 1.0431208336852367,
    "mean_fitness": 0.6823464332855971
}