{
    "best_fitness": 0.9292208548171906,
    "mean_fitness": 0.33395756191960174
}