{
    "best_fitness": 0.7277898233213389,
    "mean_fitness": 0.31900723616273274
}