{
    "best_fitness": 0.6340577467730858,
    "mean_fitness": 0.20489560268196735
}