{
    "best_fitness": 0.8565320763132439,
    "mean_fitness": 0.31114115118439056
}