{
    "best_fitness": 1.2250662251584035,
    "mean_fitness": 0.6869272165690113
}