{
    "best_fitness": 4.391583008934223,
    "mean_fitness": 1.1164774318048307
}