{
    "best_fitness": 0.28712029090986696,
    "mean_fitness": 0.08947940052533564
}