{
    "best_fitness": 0.9110182876881099,
    "mean_fitness": 0.2940140862771601
}