{
    "best_fitness": 1.056240776406097,
    "mean_fitness": 0.49740823926467753
}