{
    "best_fitness": 1.0679700630332079,
    "mean_fitness": 0.37135049496174755
}