{
    "best_fitness": 0.5132092325549511,
    "mean_fitness": 0.3696775064889862
}