{
    "best_fitness": 1.0553808614142608,
    "mean_fitness": 0.2983319245230228
}