{
    "best_fitness": 0.4244653733252625,
    "mean_fitness": 0.30815322428593517
}