{
    "best_fitness": 0.5103585668805717,
    "mean_fitness": 0.34148101013164067
}