{
    "best_fitness": 0.4257179744907248,
    "mean_fitness": 0.30653146563884265
}