{
    "best_fitness": 5.996661283932649,
    "mean_fitness": 1.9624017021171698
}