{
    "best_fitness": 0.3510297152937724,
    "mean_fitness": 0.25028650271166614
}