{
    "best_fitness": 0.02267847626988444,
    "mean_fitness": 0.002900061103965537
}