{
    "best_fitness": 0.37822070152556403,
    "mean_fitness": 0.2275334054577449
}