{
    "best_fitness": 0.9288064512598722,
    "mean_fitness": 0.45438154645174944
}