{
    "best_fitness": 0.3599129925553205,
    "mean_fitness": 0.2694609667434872
}