{
    "best_fitness": 0.6363281818064938,
    "mean_fitness": 0.18111578246530557
}