{
    "best_fitness": 0.8735101083769289,
    "mean_fitness": 0.31457646221230473
}