{
    "best_fitness": 0.5498963104330522,
    "mean_fitness": 0.08373722546632857
}