{
    "best_fitness": 1.0380665178175044,
    "mean_fitness": 0.5150520102397828
}