{
    "best_fitness": 0.8781744694517529,
    "mean_fitness": 0.3341052494979524
}