{
    "best_fitness": 0.7342709712869171,
    "mean_fitness": 0.27110027055726665
}