{
    "best_fitness": 1.0430258708661455,
    "mean_fitness": 0.6980261447536869
}