{
    "best_fitness": 0.5045105989873863,
    "mean_fitness": 0.3499264089745598
}