{
    "best_fitness": 0.8642606417430172,
    "mean_fitness": 0.31021247834586496
}