{
    "best_fitness": 0.4971918882195131,
    "mean_fitness": 0.34725091840369965
}