{
    "best_fitness": 0.5146586493285744,
    "mean_fitness": 0.3680641875699244
}