{
    "best_fitness": 1.0400572044383893,
    "mean_fitness": 0.7387184351461695
}