{
    "best_fitness": 0.3579041946355749,
    "mean_fitness": 0.25567752032480207
}