{
    "best_fitness": 1.1916417764101492,
    "mean_fitness": 0.46416341492563584
}