{
    "best_fitness": 1.0013592890660792,
    "mean_fitness": 0.34360432684354203
}