{
    "best_fitness": 1.2610759419348057,
    "mean_fitness": 0.5356732617978525
}