{
    "best_fitness": 0.9180692048995669,
    "mean_fitness": 0.3677893270674364
}